revision,campaign,pair,phase,arm,case,iterations,ns_per_op,bytes_per_op,allocs_per_op
candidate1,1,0,warmup,baseline,BenchmarkGemmAMXGeneration/m32_k64_n32-12,264478,2319,272,4
candidate1,1,0,warmup,baseline,BenchmarkGemmAMXGeneration/m64_k64_n64-12,94564,7144,272,4
candidate1,1,0,warmup,baseline,BenchmarkGemmAMXGeneration/m256_k256_n256-12,9243,66837,273,4
candidate1,1,0,warmup,baseline,BenchmarkGemmAMXGeneration/m1024_k1024_n1024-12,567,1030697,275,4
candidate1,1,0,warmup,baseline,BenchmarkGemmAMXGeneration/m512_k2048_n4096-12,100,5470970,292,4
candidate1,1,0,warmup,candidate,BenchmarkGemmAMXGeneration/m32_k64_n32-12,258561,2322,288,4
candidate1,1,0,warmup,candidate,BenchmarkGemmAMXGeneration/m64_k64_n64-12,95664,6357,288,4
candidate1,1,0,warmup,candidate,BenchmarkGemmAMXGeneration/m256_k256_n256-12,9447,60937,289,4
candidate1,1,0,warmup,candidate,BenchmarkGemmAMXGeneration/m1024_k1024_n1024-12,636,961209,299,4
candidate1,1,0,warmup,candidate,BenchmarkGemmAMXGeneration/m512_k2048_n4096-12,100,5253556,308,4
candidate1,1,1,measured,candidate,BenchmarkGemmAMXGeneration/m32_k64_n32-12,261158,2284,288,4
candidate1,1,1,measured,candidate,BenchmarkGemmAMXGeneration/m64_k64_n64-12,92107,6319,288,4
candidate1,1,1,measured,candidate,BenchmarkGemmAMXGeneration/m256_k256_n256-12,9674,60174,289,4
candidate1,1,1,measured,candidate,BenchmarkGemmAMXGeneration/m1024_k1024_n1024-12,613,967527,291,4
candidate1,1,1,measured,candidate,BenchmarkGemmAMXGeneration/m512_k2048_n4096-12,100,5534565,308,4
candidate1,1,1,measured,baseline,BenchmarkGemmAMXGeneration/m32_k64_n32-12,259984,2323,272,4
candidate1,1,1,measured,baseline,BenchmarkGemmAMXGeneration/m64_k64_n64-12,93249,6379,272,4
candidate1,1,1,measured,baseline,BenchmarkGemmAMXGeneration/m256_k256_n256-12,9232,61244,273,4
candidate1,1,1,measured,baseline,BenchmarkGemmAMXGeneration/m1024_k1024_n1024-12,633,1133586,288,4
candidate1,1,1,measured,baseline,BenchmarkGemmAMXGeneration/m512_k2048_n4096-12,100,5444575,292,4
candidate1,1,2,measured,baseline,BenchmarkGemmAMXGeneration/m32_k64_n32-12,263727,2384,272,4
candidate1,1,2,measured,baseline,BenchmarkGemmAMXGeneration/m64_k64_n64-12,68353,7936,272,4
candidate1,1,2,measured,baseline,BenchmarkGemmAMXGeneration/m256_k256_n256-12,9000,68915,273,4
candidate1,1,2,measured,baseline,BenchmarkGemmAMXGeneration/m1024_k1024_n1024-12,532,1140660,281,4
candidate1,1,2,measured,baseline,BenchmarkGemmAMXGeneration/m512_k2048_n4096-12,100,7692362,293,4
candidate1,1,2,measured,candidate,BenchmarkGemmAMXGeneration/m32_k64_n32-12,252267,2362,288,4
candidate1,1,2,measured,candidate,BenchmarkGemmAMXGeneration/m64_k64_n64-12,95971,6630,288,4
candidate1,1,2,measured,candidate,BenchmarkGemmAMXGeneration/m256_k256_n256-12,9643,61143,290,4
candidate1,1,2,measured,candidate,BenchmarkGemmAMXGeneration/m1024_k1024_n1024-12,615,998931,291,4
candidate1,1,2,measured,candidate,BenchmarkGemmAMXGeneration/m512_k2048_n4096-12,100,5409125,307,4
candidate1,1,3,measured,candidate,BenchmarkGemmAMXGeneration/m32_k64_n32-12,253452,2359,288,4
candidate1,1,3,measured,candidate,BenchmarkGemmAMXGeneration/m64_k64_n64-12,95464,6421,288,4
candidate1,1,3,measured,candidate,BenchmarkGemmAMXGeneration/m256_k256_n256-12,9753,61097,289,4
candidate1,1,3,measured,candidate,BenchmarkGemmAMXGeneration/m1024_k1024_n1024-12,634,974538,291,4
candidate1,1,3,measured,candidate,BenchmarkGemmAMXGeneration/m512_k2048_n4096-12,122,5478522,304,4
candidate1,1,3,measured,baseline,BenchmarkGemmAMXGeneration/m32_k64_n32-12,258981,2342,272,4
candidate1,1,3,measured,baseline,BenchmarkGemmAMXGeneration/m64_k64_n64-12,96645,6363,272,4
candidate1,1,3,measured,baseline,BenchmarkGemmAMXGeneration/m256_k256_n256-12,9831,60655,272,4
candidate1,1,3,measured,baseline,BenchmarkGemmAMXGeneration/m1024_k1024_n1024-12,633,960037,275,4
candidate1,1,3,measured,baseline,BenchmarkGemmAMXGeneration/m512_k2048_n4096-12,98,5319538,292,4
candidate1,1,4,measured,baseline,BenchmarkGemmAMXGeneration/m32_k64_n32-12,253288,2361,272,4
candidate1,1,4,measured,baseline,BenchmarkGemmAMXGeneration/m64_k64_n64-12,76011,7686,272,4
candidate1,1,4,measured,baseline,BenchmarkGemmAMXGeneration/m256_k256_n256-12,9435,62594,273,4
candidate1,1,4,measured,baseline,BenchmarkGemmAMXGeneration/m1024_k1024_n1024-12,565,1028058,275,4
candidate1,1,4,measured,baseline,BenchmarkGemmAMXGeneration/m512_k2048_n4096-12,123,5258792,331,4
candidate1,1,4,measured,candidate,BenchmarkGemmAMXGeneration/m32_k64_n32-12,259969,2335,288,4
candidate1,1,4,measured,candidate,BenchmarkGemmAMXGeneration/m64_k64_n64-12,91959,6523,288,4
candidate1,1,4,measured,candidate,BenchmarkGemmAMXGeneration/m256_k256_n256-12,9729,60229,289,4
candidate1,1,4,measured,candidate,BenchmarkGemmAMXGeneration/m1024_k1024_n1024-12,633,953655,291,4
candidate1,1,4,measured,candidate,BenchmarkGemmAMXGeneration/m512_k2048_n4096-12,100,5069703,308,4
candidate1,1,5,measured,candidate,BenchmarkGemmAMXGeneration/m32_k64_n32-12,256048,2402,288,4
candidate1,1,5,measured,candidate,BenchmarkGemmAMXGeneration/m64_k64_n64-12,95330,6519,288,4
candidate1,1,5,measured,candidate,BenchmarkGemmAMXGeneration/m256_k256_n256-12,9350,60190,288,4
candidate1,1,5,measured,candidate,BenchmarkGemmAMXGeneration/m1024_k1024_n1024-12,638,943941,291,4
candidate1,1,5,measured,candidate,BenchmarkGemmAMXGeneration/m512_k2048_n4096-12,100,5474390,307,4
candidate1,1,5,measured,baseline,BenchmarkGemmAMXGeneration/m32_k64_n32-12,263125,2316,272,4
candidate1,1,5,measured,baseline,BenchmarkGemmAMXGeneration/m64_k64_n64-12,96626,6404,272,4
candidate1,1,5,measured,baseline,BenchmarkGemmAMXGeneration/m256_k256_n256-12,10000,62855,273,4
candidate1,1,5,measured,baseline,BenchmarkGemmAMXGeneration/m1024_k1024_n1024-12,612,1065234,275,4
candidate1,1,5,measured,baseline,BenchmarkGemmAMXGeneration/m512_k2048_n4096-12,100,5101448,291,4
candidate1,1,6,measured,baseline,BenchmarkGemmAMXGeneration/m32_k64_n32-12,253953,2358,272,4
candidate1,1,6,measured,baseline,BenchmarkGemmAMXGeneration/m64_k64_n64-12,78555,7104,272,4
candidate1,1,6,measured,baseline,BenchmarkGemmAMXGeneration/m256_k256_n256-12,9630,60532,273,4
candidate1,1,6,measured,baseline,BenchmarkGemmAMXGeneration/m1024_k1024_n1024-12,632,976724,275,4
candidate1,1,6,measured,baseline,BenchmarkGemmAMXGeneration/m512_k2048_n4096-12,123,4885211,288,4
candidate1,1,6,measured,candidate,BenchmarkGemmAMXGeneration/m32_k64_n32-12,258034,2335,288,4
candidate1,1,6,measured,candidate,BenchmarkGemmAMXGeneration/m64_k64_n64-12,96278,6432,288,4
candidate1,1,6,measured,candidate,BenchmarkGemmAMXGeneration/m256_k256_n256-12,9687,60496,288,4
candidate1,1,6,measured,candidate,BenchmarkGemmAMXGeneration/m1024_k1024_n1024-12,632,1003747,291,4
candidate1,1,6,measured,candidate,BenchmarkGemmAMXGeneration/m512_k2048_n4096-12,100,5219841,308,4
candidate1,1,7,measured,candidate,BenchmarkGemmAMXGeneration/m32_k64_n32-12,261577,2319,288,4
candidate1,1,7,measured,candidate,BenchmarkGemmAMXGeneration/m64_k64_n64-12,96492,6375,288,4
candidate1,1,7,measured,candidate,BenchmarkGemmAMXGeneration/m256_k256_n256-12,9458,60643,288,4
candidate1,1,7,measured,candidate,BenchmarkGemmAMXGeneration/m1024_k1024_n1024-12,634,959712,291,4
candidate1,1,7,measured,candidate,BenchmarkGemmAMXGeneration/m512_k2048_n4096-12,100,5097868,308,4
candidate1,1,7,measured,baseline,BenchmarkGemmAMXGeneration/m32_k64_n32-12,260656,2375,272,4
candidate1,1,7,measured,baseline,BenchmarkGemmAMXGeneration/m64_k64_n64-12,94596,6526,272,4
candidate1,1,7,measured,baseline,BenchmarkGemmAMXGeneration/m256_k256_n256-12,9669,60678,273,4
candidate1,1,7,measured,baseline,BenchmarkGemmAMXGeneration/m1024_k1024_n1024-12,612,1042954,275,4
candidate1,1,7,measured,baseline,BenchmarkGemmAMXGeneration/m512_k2048_n4096-12,100,5872615,292,4
candidate1,2,0,warmup,candidate,BenchmarkGemmAMXGeneration/m32_k64_n32-12,256132,2293,288,4
candidate1,2,0,warmup,candidate,BenchmarkGemmAMXGeneration/m64_k64_n64-12,93302,7109,288,4
candidate1,2,0,warmup,candidate,BenchmarkGemmAMXGeneration/m256_k256_n256-12,8931,62752,289,4
candidate1,2,0,warmup,candidate,BenchmarkGemmAMXGeneration/m1024_k1024_n1024-12,571,1065957,306,4
candidate1,2,0,warmup,candidate,BenchmarkGemmAMXGeneration/m512_k2048_n4096-12,100,5090794,307,4
candidate1,2,0,warmup,baseline,BenchmarkGemmAMXGeneration/m32_k64_n32-12,253977,2357,272,4
candidate1,2,0,warmup,baseline,BenchmarkGemmAMXGeneration/m64_k64_n64-12,94677,6387,272,4
candidate1,2,0,warmup,baseline,BenchmarkGemmAMXGeneration/m256_k256_n256-12,9972,60768,273,4
candidate1,2,0,warmup,baseline,BenchmarkGemmAMXGeneration/m1024_k1024_n1024-12,630,965045,283,4
candidate1,2,0,warmup,baseline,BenchmarkGemmAMXGeneration/m512_k2048_n4096-12,122,4867439,288,4
candidate1,2,1,measured,baseline,BenchmarkGemmAMXGeneration/m32_k64_n32-12,264439,2323,272,4
candidate1,2,1,measured,baseline,BenchmarkGemmAMXGeneration/m64_k64_n64-12,95875,6440,272,4
candidate1,2,1,measured,baseline,BenchmarkGemmAMXGeneration/m256_k256_n256-12,9252,60967,273,4
candidate1,2,1,measured,baseline,BenchmarkGemmAMXGeneration/m1024_k1024_n1024-12,620,1027136,288,4
candidate1,2,1,measured,baseline,BenchmarkGemmAMXGeneration/m512_k2048_n4096-12,100,5028729,291,4
candidate1,2,1,measured,candidate,BenchmarkGemmAMXGeneration/m32_k64_n32-12,255882,2323,288,4
candidate1,2,1,measured,candidate,BenchmarkGemmAMXGeneration/m64_k64_n64-12,92247,6228,288,4
candidate1,2,1,measured,candidate,BenchmarkGemmAMXGeneration/m256_k256_n256-12,9802,60806,289,4
candidate1,2,1,measured,candidate,BenchmarkGemmAMXGeneration/m1024_k1024_n1024-12,628,979580,291,4
candidate1,2,1,measured,candidate,BenchmarkGemmAMXGeneration/m512_k2048_n4096-12,100,5057938,308,4
candidate1,2,2,measured,candidate,BenchmarkGemmAMXGeneration/m32_k64_n32-12,255373,2341,288,4
candidate1,2,2,measured,candidate,BenchmarkGemmAMXGeneration/m64_k64_n64-12,94684,6293,288,4
candidate1,2,2,measured,candidate,BenchmarkGemmAMXGeneration/m256_k256_n256-12,9589,60920,289,4
candidate1,2,2,measured,candidate,BenchmarkGemmAMXGeneration/m1024_k1024_n1024-12,613,934965,291,4
candidate1,2,2,measured,candidate,BenchmarkGemmAMXGeneration/m512_k2048_n4096-12,100,5842508,307,4
candidate1,2,2,measured,baseline,BenchmarkGemmAMXGeneration/m32_k64_n32-12,263948,2354,272,4
candidate1,2,2,measured,baseline,BenchmarkGemmAMXGeneration/m64_k64_n64-12,78079,7924,272,4
candidate1,2,2,measured,baseline,BenchmarkGemmAMXGeneration/m256_k256_n256-12,9061,62877,273,4
candidate1,2,2,measured,baseline,BenchmarkGemmAMXGeneration/m1024_k1024_n1024-12,578,1074217,284,4
candidate1,2,2,measured,baseline,BenchmarkGemmAMXGeneration/m512_k2048_n4096-12,100,5756693,291,4
candidate1,2,3,measured,baseline,BenchmarkGemmAMXGeneration/m32_k64_n32-12,261324,2288,272,4
candidate1,2,3,measured,baseline,BenchmarkGemmAMXGeneration/m64_k64_n64-12,95661,6403,272,4
candidate1,2,3,measured,baseline,BenchmarkGemmAMXGeneration/m256_k256_n256-12,9447,61197,272,4
candidate1,2,3,measured,baseline,BenchmarkGemmAMXGeneration/m1024_k1024_n1024-12,609,967246,275,4
candidate1,2,3,measured,baseline,BenchmarkGemmAMXGeneration/m512_k2048_n4096-12,100,5607820,294,4
candidate1,2,3,measured,candidate,BenchmarkGemmAMXGeneration/m32_k64_n32-12,264658,2326,288,4
candidate1,2,3,measured,candidate,BenchmarkGemmAMXGeneration/m64_k64_n64-12,95920,6386,288,4
candidate1,2,3,measured,candidate,BenchmarkGemmAMXGeneration/m256_k256_n256-12,10000,61738,289,4
candidate1,2,3,measured,candidate,BenchmarkGemmAMXGeneration/m1024_k1024_n1024-12,618,941099,291,4
candidate1,2,3,measured,candidate,BenchmarkGemmAMXGeneration/m512_k2048_n4096-12,122,4837386,305,4
candidate1,2,4,measured,candidate,BenchmarkGemmAMXGeneration/m32_k64_n32-12,259539,2362,288,4
candidate1,2,4,measured,candidate,BenchmarkGemmAMXGeneration/m64_k64_n64-12,96608,6302,288,4
candidate1,2,4,measured,candidate,BenchmarkGemmAMXGeneration/m256_k256_n256-12,9475,60612,289,4
candidate1,2,4,measured,candidate,BenchmarkGemmAMXGeneration/m1024_k1024_n1024-12,614,947174,296,4
candidate1,2,4,measured,candidate,BenchmarkGemmAMXGeneration/m512_k2048_n4096-12,100,5243622,308,4
candidate1,2,4,measured,baseline,BenchmarkGemmAMXGeneration/m32_k64_n32-12,259579,2334,272,4
candidate1,2,4,measured,baseline,BenchmarkGemmAMXGeneration/m64_k64_n64-12,97077,6401,272,4
candidate1,2,4,measured,baseline,BenchmarkGemmAMXGeneration/m256_k256_n256-12,9547,60741,273,4
candidate1,2,4,measured,baseline,BenchmarkGemmAMXGeneration/m1024_k1024_n1024-12,628,965544,283,4
candidate1,2,4,measured,baseline,BenchmarkGemmAMXGeneration/m512_k2048_n4096-12,100,5113084,292,4
candidate1,2,5,measured,baseline,BenchmarkGemmAMXGeneration/m32_k64_n32-12,255855,2354,272,4
candidate1,2,5,measured,baseline,BenchmarkGemmAMXGeneration/m64_k64_n64-12,95118,6637,272,4
candidate1,2,5,measured,baseline,BenchmarkGemmAMXGeneration/m256_k256_n256-12,9238,62043,273,4
candidate1,2,5,measured,baseline,BenchmarkGemmAMXGeneration/m1024_k1024_n1024-12,630,941149,275,4
candidate1,2,5,measured,baseline,BenchmarkGemmAMXGeneration/m512_k2048_n4096-12,100,5160536,292,4
candidate1,2,5,measured,candidate,BenchmarkGemmAMXGeneration/m32_k64_n32-12,257533,2354,288,4
candidate1,2,5,measured,candidate,BenchmarkGemmAMXGeneration/m64_k64_n64-12,93314,6540,288,4
candidate1,2,5,measured,candidate,BenchmarkGemmAMXGeneration/m256_k256_n256-12,8439,71562,288,4
candidate1,2,5,measured,candidate,BenchmarkGemmAMXGeneration/m1024_k1024_n1024-12,536,1151313,291,4
candidate1,2,5,measured,candidate,BenchmarkGemmAMXGeneration/m512_k2048_n4096-12,100,6265817,309,4
candidate1,2,6,measured,candidate,BenchmarkGemmAMXGeneration/m32_k64_n32-12,253887,2367,288,4
candidate1,2,6,measured,candidate,BenchmarkGemmAMXGeneration/m64_k64_n64-12,79268,7573,288,4
candidate1,2,6,measured,candidate,BenchmarkGemmAMXGeneration/m256_k256_n256-12,9109,64146,289,4
candidate1,2,6,measured,candidate,BenchmarkGemmAMXGeneration/m1024_k1024_n1024-12,626,942398,291,4
candidate1,2,6,measured,candidate,BenchmarkGemmAMXGeneration/m512_k2048_n4096-12,126,4974774,304,4
candidate1,2,6,measured,baseline,BenchmarkGemmAMXGeneration/m32_k64_n32-12,258532,2328,272,4
candidate1,2,6,measured,baseline,BenchmarkGemmAMXGeneration/m64_k64_n64-12,95866,6519,272,4
candidate1,2,6,measured,baseline,BenchmarkGemmAMXGeneration/m256_k256_n256-12,9718,59924,273,4
candidate1,2,6,measured,baseline,BenchmarkGemmAMXGeneration/m1024_k1024_n1024-12,636,955306,275,4
candidate1,2,6,measured,baseline,BenchmarkGemmAMXGeneration/m512_k2048_n4096-12,111,5028277,290,4
candidate1,2,7,measured,baseline,BenchmarkGemmAMXGeneration/m32_k64_n32-12,262670,2317,272,4
candidate1,2,7,measured,baseline,BenchmarkGemmAMXGeneration/m64_k64_n64-12,96746,6349,272,4
candidate1,2,7,measured,baseline,BenchmarkGemmAMXGeneration/m256_k256_n256-12,9777,60153,273,4
candidate1,2,7,measured,baseline,BenchmarkGemmAMXGeneration/m1024_k1024_n1024-12,627,946064,275,4
candidate1,2,7,measured,baseline,BenchmarkGemmAMXGeneration/m512_k2048_n4096-12,100,5270127,291,4
candidate1,2,7,measured,candidate,BenchmarkGemmAMXGeneration/m32_k64_n32-12,254464,2332,288,4
candidate1,2,7,measured,candidate,BenchmarkGemmAMXGeneration/m64_k64_n64-12,97381,6340,288,4
candidate1,2,7,measured,candidate,BenchmarkGemmAMXGeneration/m256_k256_n256-12,9618,63196,289,4
candidate1,2,7,measured,candidate,BenchmarkGemmAMXGeneration/m1024_k1024_n1024-12,565,1012772,300,4
candidate1,2,7,measured,candidate,BenchmarkGemmAMXGeneration/m512_k2048_n4096-12,100,5462385,308,4
candidate1,3,0,warmup,baseline,BenchmarkGemmAMXGeneration/m32_k64_n32-12,263451,2284,272,4
candidate1,3,0,warmup,baseline,BenchmarkGemmAMXGeneration/m64_k64_n64-12,95656,6991,272,4
candidate1,3,0,warmup,baseline,BenchmarkGemmAMXGeneration/m256_k256_n256-12,9344,66236,273,4
candidate1,3,0,warmup,baseline,BenchmarkGemmAMXGeneration/m1024_k1024_n1024-12,541,1034292,285,4
candidate1,3,0,warmup,baseline,BenchmarkGemmAMXGeneration/m512_k2048_n4096-12,100,6493908,292,4
candidate1,3,0,warmup,candidate,BenchmarkGemmAMXGeneration/m32_k64_n32-12,248403,2341,288,4
candidate1,3,0,warmup,candidate,BenchmarkGemmAMXGeneration/m64_k64_n64-12,91878,6498,288,4
candidate1,3,0,warmup,candidate,BenchmarkGemmAMXGeneration/m256_k256_n256-12,9490,61020,289,4
candidate1,3,0,warmup,candidate,BenchmarkGemmAMXGeneration/m1024_k1024_n1024-12,634,942306,299,4
candidate1,3,0,warmup,candidate,BenchmarkGemmAMXGeneration/m512_k2048_n4096-12,100,5098740,308,4
candidate1,3,1,measured,candidate,BenchmarkGemmAMXGeneration/m32_k64_n32-12,257517,2330,288,4
candidate1,3,1,measured,candidate,BenchmarkGemmAMXGeneration/m64_k64_n64-12,96674,6447,288,4
candidate1,3,1,measured,candidate,BenchmarkGemmAMXGeneration/m256_k256_n256-12,9690,60373,288,4
candidate1,3,1,measured,candidate,BenchmarkGemmAMXGeneration/m1024_k1024_n1024-12,592,974239,300,4
candidate1,3,1,measured,candidate,BenchmarkGemmAMXGeneration/m512_k2048_n4096-12,124,5274284,304,4
candidate1,3,1,measured,baseline,BenchmarkGemmAMXGeneration/m32_k64_n32-12,257521,2328,272,4
candidate1,3,1,measured,baseline,BenchmarkGemmAMXGeneration/m64_k64_n64-12,96183,6331,272,4
candidate1,3,1,measured,baseline,BenchmarkGemmAMXGeneration/m256_k256_n256-12,9865,61922,273,4
candidate1,3,1,measured,baseline,BenchmarkGemmAMXGeneration/m1024_k1024_n1024-12,628,968097,275,4
candidate1,3,1,measured,baseline,BenchmarkGemmAMXGeneration/m512_k2048_n4096-12,100,5587665,291,4
candidate1,3,2,measured,baseline,BenchmarkGemmAMXGeneration/m32_k64_n32-12,251497,2346,272,4
candidate1,3,2,measured,baseline,BenchmarkGemmAMXGeneration/m64_k64_n64-12,95682,6507,272,4
candidate1,3,2,measured,baseline,BenchmarkGemmAMXGeneration/m256_k256_n256-12,9747,61549,273,4
candidate1,3,2,measured,baseline,BenchmarkGemmAMXGeneration/m1024_k1024_n1024-12,615,983852,283,4
candidate1,3,2,measured,baseline,BenchmarkGemmAMXGeneration/m512_k2048_n4096-12,100,5725508,295,4
candidate1,3,2,measured,candidate,BenchmarkGemmAMXGeneration/m32_k64_n32-12,258967,2377,288,4
candidate1,3,2,measured,candidate,BenchmarkGemmAMXGeneration/m64_k64_n64-12,93147,6358,288,4
candidate1,3,2,measured,candidate,BenchmarkGemmAMXGeneration/m256_k256_n256-12,9834,61368,289,4
candidate1,3,2,measured,candidate,BenchmarkGemmAMXGeneration/m1024_k1024_n1024-12,643,975936,291,4
candidate1,3,2,measured,candidate,BenchmarkGemmAMXGeneration/m512_k2048_n4096-12,100,5491398,307,4
candidate1,3,3,measured,candidate,BenchmarkGemmAMXGeneration/m32_k64_n32-12,251228,2360,288,4
candidate1,3,3,measured,candidate,BenchmarkGemmAMXGeneration/m64_k64_n64-12,79358,7614,288,4
candidate1,3,3,measured,candidate,BenchmarkGemmAMXGeneration/m256_k256_n256-12,9488,62194,289,4
candidate1,3,3,measured,candidate,BenchmarkGemmAMXGeneration/m1024_k1024_n1024-12,627,1033483,291,4
candidate1,3,3,measured,candidate,BenchmarkGemmAMXGeneration/m512_k2048_n4096-12,100,5194006,307,4
candidate1,3,3,measured,baseline,BenchmarkGemmAMXGeneration/m32_k64_n32-12,252199,2330,272,4
candidate1,3,3,measured,baseline,BenchmarkGemmAMXGeneration/m64_k64_n64-12,97311,6311,272,4
candidate1,3,3,measured,baseline,BenchmarkGemmAMXGeneration/m256_k256_n256-12,9807,60995,273,4
candidate1,3,3,measured,baseline,BenchmarkGemmAMXGeneration/m1024_k1024_n1024-12,634,985600,275,4
candidate1,3,3,measured,baseline,BenchmarkGemmAMXGeneration/m512_k2048_n4096-12,100,5332381,291,4
candidate1,3,4,measured,baseline,BenchmarkGemmAMXGeneration/m32_k64_n32-12,254204,2375,272,4
candidate1,3,4,measured,baseline,BenchmarkGemmAMXGeneration/m64_k64_n64-12,94779,6430,272,4
candidate1,3,4,measured,baseline,BenchmarkGemmAMXGeneration/m256_k256_n256-12,9786,60617,273,4
candidate1,3,4,measured,baseline,BenchmarkGemmAMXGeneration/m1024_k1024_n1024-12,604,961690,275,4
candidate1,3,4,measured,baseline,BenchmarkGemmAMXGeneration/m512_k2048_n4096-12,100,5216569,346,4
candidate1,3,4,measured,candidate,BenchmarkGemmAMXGeneration/m32_k64_n32-12,243535,2588,288,4
candidate1,3,4,measured,candidate,BenchmarkGemmAMXGeneration/m64_k64_n64-12,79581,8119,288,4
candidate1,3,4,measured,candidate,BenchmarkGemmAMXGeneration/m256_k256_n256-12,9361,64130,289,4
candidate1,3,4,measured,candidate,BenchmarkGemmAMXGeneration/m1024_k1024_n1024-12,519,1369239,292,4
candidate1,3,4,measured,candidate,BenchmarkGemmAMXGeneration/m512_k2048_n4096-12,100,6176165,310,4
candidate1,3,5,measured,candidate,BenchmarkGemmAMXGeneration/m32_k64_n32-12,254929,2466,288,4
candidate1,3,5,measured,candidate,BenchmarkGemmAMXGeneration/m64_k64_n64-12,78310,11423,288,4
candidate1,3,5,measured,candidate,BenchmarkGemmAMXGeneration/m256_k256_n256-12,4246,158297,289,4
candidate1,3,5,measured,candidate,BenchmarkGemmAMXGeneration/m1024_k1024_n1024-12,573,1401160,291,4
candidate1,3,5,measured,candidate,BenchmarkGemmAMXGeneration/m512_k2048_n4096-12,100,7691460,311,4
candidate1,3,5,measured,baseline,BenchmarkGemmAMXGeneration/m32_k64_n32-12,248134,2373,272,4
candidate1,3,5,measured,baseline,BenchmarkGemmAMXGeneration/m64_k64_n64-12,78728,8491,272,4
candidate1,3,5,measured,baseline,BenchmarkGemmAMXGeneration/m256_k256_n256-12,9589,69033,273,4
candidate1,3,5,measured,baseline,BenchmarkGemmAMXGeneration/m1024_k1024_n1024-12,589,1149376,275,4
candidate1,3,5,measured,baseline,BenchmarkGemmAMXGeneration/m512_k2048_n4096-12,92,5604540,294,4
candidate1,3,6,measured,baseline,BenchmarkGemmAMXGeneration/m32_k64_n32-12,252741,2410,272,4
candidate1,3,6,measured,baseline,BenchmarkGemmAMXGeneration/m64_k64_n64-12,80224,7931,272,4
candidate1,3,6,measured,baseline,BenchmarkGemmAMXGeneration/m256_k256_n256-12,9170,66859,273,4
candidate1,3,6,measured,baseline,BenchmarkGemmAMXGeneration/m1024_k1024_n1024-12,396,1750698,277,4
candidate1,3,6,measured,baseline,BenchmarkGemmAMXGeneration/m512_k2048_n4096-12,109,7881661,293,4
candidate1,3,6,measured,candidate,BenchmarkGemmAMXGeneration/m32_k64_n32-12,242408,2405,288,4
candidate1,3,6,measured,candidate,BenchmarkGemmAMXGeneration/m64_k64_n64-12,81127,7644,288,4
candidate1,3,6,measured,candidate,BenchmarkGemmAMXGeneration/m256_k256_n256-12,9489,62493,289,4
candidate1,3,6,measured,candidate,BenchmarkGemmAMXGeneration/m1024_k1024_n1024-12,621,1071309,291,4
candidate1,3,6,measured,candidate,BenchmarkGemmAMXGeneration/m512_k2048_n4096-12,100,5818359,307,4
candidate1,3,7,measured,candidate,BenchmarkGemmAMXGeneration/m32_k64_n32-12,249627,2363,288,4
candidate1,3,7,measured,candidate,BenchmarkGemmAMXGeneration/m64_k64_n64-12,79005,7699,288,4
candidate1,3,7,measured,candidate,BenchmarkGemmAMXGeneration/m256_k256_n256-12,9528,62247,289,4
candidate1,3,7,measured,candidate,BenchmarkGemmAMXGeneration/m1024_k1024_n1024-12,532,981875,291,4
candidate1,3,7,measured,candidate,BenchmarkGemmAMXGeneration/m512_k2048_n4096-12,100,5106147,308,4
candidate1,3,7,measured,baseline,BenchmarkGemmAMXGeneration/m32_k64_n32-12,253411,2351,272,4
candidate1,3,7,measured,baseline,BenchmarkGemmAMXGeneration/m64_k64_n64-12,78651,7615,272,4
candidate1,3,7,measured,baseline,BenchmarkGemmAMXGeneration/m256_k256_n256-12,9507,70104,273,4
candidate1,3,7,measured,baseline,BenchmarkGemmAMXGeneration/m1024_k1024_n1024-12,388,1545098,299,4
candidate1,3,7,measured,baseline,BenchmarkGemmAMXGeneration/m512_k2048_n4096-12,100,6438478,291,4
