campaign,pair,phase,arm,case,iterations,ns_per_op,bytes_per_op,allocs_per_op
pilot-02,0,warmup,baseline,BenchmarkCPUAttentionBackward/f32_causal_s128_h8_kv8_d64/direct-12,1549,337412,861590,18
pilot-02,0,warmup,baseline,BenchmarkCPUAttentionBackward/f32_causal_s256_h8_kv8_d64/direct-12,608,900816,1716550,18
pilot-02,0,warmup,baseline,BenchmarkCPUAttentionBackward/f32_causal_s512_h8_kv8_d64/direct-12,178,3276821,3783382,18
pilot-02,0,warmup,baseline,BenchmarkCPUAttentionBackward/f32_causal_s1024_h8_kv8_d64/direct-12,40,13090174,30857512,19
pilot-02,0,warmup,baseline,BenchmarkCPUAttentionBackward/f32_noncausal_s512_h8_kv8_d64/direct-12,160,3689805,3199574,18
pilot-02,0,warmup,baseline,BenchmarkCPUAttentionBackward/f32_causal_gqa_s128_h4_kv2_d16/direct-12,4628,123891,67176,16
pilot-02,0,warmup,baseline,BenchmarkCPUAttentionBackward/f64_causal_s128_h8_kv8_d64/direct-12,444,1236909,1899972,40
pilot-02,0,warmup,candidate,BenchmarkCPUAttentionBackward/f32_causal_s128_h8_kv8_d64/direct-12,1498,337696,851080,18
pilot-02,0,warmup,candidate,BenchmarkCPUAttentionBackward/f32_causal_s256_h8_kv8_d64/direct-12,656,825215,1695007,18
pilot-02,0,warmup,candidate,BenchmarkCPUAttentionBackward/f32_causal_s512_h8_kv8_d64/direct-12,225,2545532,3897477,18
pilot-02,0,warmup,candidate,BenchmarkCPUAttentionBackward/f32_causal_s1024_h8_kv8_d64/direct-12,63,10021800,28274097,20
pilot-02,0,warmup,candidate,BenchmarkCPUAttentionBackward/f32_noncausal_s512_h8_kv8_d64/direct-12,163,3626428,3250071,18
pilot-02,0,warmup,candidate,BenchmarkCPUAttentionBackward/f32_causal_gqa_s128_h4_kv2_d16/direct-12,4616,124816,67124,16
pilot-02,0,warmup,candidate,BenchmarkCPUAttentionBackward/f64_causal_s128_h8_kv8_d64/direct-12,440,1242574,1897978,40
pilot-02,0,warmup,baseline,BenchmarkCPUAttentionForward/f32_causal_s512_h8_kv8_d64/control-12,878,654328,1095109,10
pilot-02,0,warmup,candidate,BenchmarkCPUAttentionForward/f32_causal_s512_h8_kv8_d64/control-12,868,661945,1080626,10
pilot-02,0,warmup,baseline,BenchmarkCPUGPTTrainingStep/direct-12,36,59899837,375093458,2738
pilot-02,0,warmup,candidate,BenchmarkCPUGPTTrainingStep/direct-12,37,58187470,365194268,2729
pilot-02,1,measured,baseline,BenchmarkCPUAttentionBackward/f32_causal_s128_h8_kv8_d64/direct-12,1567,334790,863001,18
pilot-02,1,measured,baseline,BenchmarkCPUAttentionBackward/f32_causal_s256_h8_kv8_d64/direct-12,600,892779,1658098,18
pilot-02,1,measured,baseline,BenchmarkCPUAttentionBackward/f32_causal_s512_h8_kv8_d64/direct-12,189,3090752,4051492,18
pilot-02,1,measured,baseline,BenchmarkCPUAttentionBackward/f32_causal_s1024_h8_kv8_d64/direct-12,52,11300252,30168220,19
pilot-02,1,measured,baseline,BenchmarkCPUAttentionBackward/f32_noncausal_s512_h8_kv8_d64/direct-12,160,3630743,3147144,18
pilot-02,1,measured,baseline,BenchmarkCPUAttentionBackward/f32_causal_gqa_s128_h4_kv2_d16/direct-12,4513,129454,67045,16
pilot-02,1,measured,baseline,BenchmarkCPUAttentionBackward/f64_causal_s128_h8_kv8_d64/direct-12,435,1494651,1725385,40
pilot-02,1,measured,candidate,BenchmarkCPUAttentionBackward/f32_causal_s128_h8_kv8_d64/direct-12,1572,338390,851300,18
pilot-02,1,measured,candidate,BenchmarkCPUAttentionBackward/f32_causal_s256_h8_kv8_d64/direct-12,656,789930,1668432,18
pilot-02,1,measured,candidate,BenchmarkCPUAttentionBackward/f32_causal_s512_h8_kv8_d64/direct-12,226,2503318,3782803,18
pilot-02,1,measured,candidate,BenchmarkCPUAttentionBackward/f32_causal_s1024_h8_kv8_d64/direct-12,68,9309467,29115908,19
pilot-02,1,measured,candidate,BenchmarkCPUAttentionBackward/f32_noncausal_s512_h8_kv8_d64/direct-12,160,3600096,3171926,18
pilot-02,1,measured,candidate,BenchmarkCPUAttentionBackward/f32_causal_gqa_s128_h4_kv2_d16/direct-12,4706,128708,67172,16
pilot-02,1,measured,candidate,BenchmarkCPUAttentionBackward/f64_causal_s128_h8_kv8_d64/direct-12,435,1256317,1773603,40
pilot-02,1,measured,baseline,BenchmarkCPUAttentionForward/f32_causal_s512_h8_kv8_d64/control-12,798,703367,1095779,10
pilot-02,1,measured,candidate,BenchmarkCPUAttentionForward/f32_causal_s512_h8_kv8_d64/control-12,810,710858,1096453,10
pilot-02,1,measured,baseline,BenchmarkCPUGPTTrainingStep/direct-12,34,59195348,376511141,2739
pilot-02,1,measured,candidate,BenchmarkCPUGPTTrainingStep/direct-12,37,58742589,382486209,2746
pilot-02,2,measured,baseline,BenchmarkCPUAttentionBackward/f32_causal_s128_h8_kv8_d64/direct-12,1536,340571,865435,18
pilot-02,2,measured,baseline,BenchmarkCPUAttentionBackward/f32_causal_s256_h8_kv8_d64/direct-12,591,881448,1697854,18
pilot-02,2,measured,baseline,BenchmarkCPUAttentionBackward/f32_causal_s512_h8_kv8_d64/direct-12,189,3075540,3896148,18
pilot-02,2,measured,baseline,BenchmarkCPUAttentionBackward/f32_causal_s1024_h8_kv8_d64/direct-12,51,11575867,28868820,19
pilot-02,2,measured,baseline,BenchmarkCPUAttentionBackward/f32_noncausal_s512_h8_kv8_d64/direct-12,163,3644629,3147144,18
pilot-02,2,measured,baseline,BenchmarkCPUAttentionBackward/f32_causal_gqa_s128_h4_kv2_d16/direct-12,4628,129263,67123,16
pilot-02,2,measured,baseline,BenchmarkCPUAttentionBackward/f64_causal_s128_h8_kv8_d64/direct-12,436,1247345,1818928,40
pilot-02,2,measured,candidate,BenchmarkCPUAttentionBackward/f32_causal_s128_h8_kv8_d64/direct-12,1510,337441,865162,18
pilot-02,2,measured,candidate,BenchmarkCPUAttentionBackward/f32_causal_s256_h8_kv8_d64/direct-12,651,790405,1662010,18
pilot-02,2,measured,candidate,BenchmarkCPUAttentionBackward/f32_causal_s512_h8_kv8_d64/direct-12,223,2512238,3777248,18
pilot-02,2,measured,candidate,BenchmarkCPUAttentionBackward/f32_causal_s1024_h8_kv8_d64/direct-12,68,9359585,29238783,19
pilot-02,2,measured,candidate,BenchmarkCPUAttentionBackward/f32_noncausal_s512_h8_kv8_d64/direct-12,163,3625131,3198608,18
pilot-02,2,measured,candidate,BenchmarkCPUAttentionBackward/f32_causal_gqa_s128_h4_kv2_d16/direct-12,4693,123141,67153,16
pilot-02,2,measured,candidate,BenchmarkCPUAttentionBackward/f64_causal_s128_h8_kv8_d64/direct-12,320,1775818,1788583,40
pilot-02,2,measured,baseline,BenchmarkCPUAttentionForward/f32_causal_s512_h8_kv8_d64/control-12,808,706236,1090981,10
pilot-02,2,measured,candidate,BenchmarkCPUAttentionForward/f32_causal_s512_h8_kv8_d64/control-12,802,689908,1089775,10
pilot-02,2,measured,baseline,BenchmarkCPUGPTTrainingStep/direct-12,36,60138834,390856496,2753
pilot-02,2,measured,candidate,BenchmarkCPUGPTTrainingStep/direct-12,38,59932264,386188620,2749
pilot-02,3,measured,baseline,BenchmarkCPUAttentionBackward/f32_causal_s128_h8_kv8_d64/direct-12,1555,332902,848807,18
pilot-02,3,measured,baseline,BenchmarkCPUAttentionBackward/f32_causal_s256_h8_kv8_d64/direct-12,598,873168,1690761,18
pilot-02,3,measured,baseline,BenchmarkCPUAttentionBackward/f32_causal_s512_h8_kv8_d64/direct-12,189,3109263,4000347,18
pilot-02,3,measured,baseline,BenchmarkCPUAttentionBackward/f32_causal_s1024_h8_kv8_d64/direct-12,51,11172190,28745461,19
pilot-02,3,measured,baseline,BenchmarkCPUAttentionBackward/f32_noncausal_s512_h8_kv8_d64/direct-12,164,3620467,3198294,18
pilot-02,3,measured,baseline,BenchmarkCPUAttentionBackward/f32_causal_gqa_s128_h4_kv2_d16/direct-12,4573,129857,67180,16
pilot-02,3,measured,baseline,BenchmarkCPUAttentionBackward/f64_causal_s128_h8_kv8_d64/direct-12,432,1274732,1874437,40
pilot-02,3,measured,candidate,BenchmarkCPUAttentionBackward/f32_causal_s128_h8_kv8_d64/direct-12,1534,332933,853591,18
pilot-02,3,measured,candidate,BenchmarkCPUAttentionBackward/f32_causal_s256_h8_kv8_d64/direct-12,651,796323,1720808,18
pilot-02,3,measured,candidate,BenchmarkCPUAttentionBackward/f32_causal_s512_h8_kv8_d64/direct-12,226,2504495,3806001,18
pilot-02,3,measured,candidate,BenchmarkCPUAttentionBackward/f32_causal_s1024_h8_kv8_d64/direct-12,68,9237610,30017507,19
pilot-02,3,measured,candidate,BenchmarkCPUAttentionBackward/f32_noncausal_s512_h8_kv8_d64/direct-12,164,3670756,3147144,18
pilot-02,3,measured,candidate,BenchmarkCPUAttentionBackward/f32_causal_gqa_s128_h4_kv2_d16/direct-12,4614,125321,67069,16
pilot-02,3,measured,candidate,BenchmarkCPUAttentionBackward/f64_causal_s128_h8_kv8_d64/direct-12,424,1363700,1815364,40
pilot-02,3,measured,baseline,BenchmarkCPUAttentionForward/f32_causal_s512_h8_kv8_d64/control-12,867,647890,1059823,10
pilot-02,3,measured,candidate,BenchmarkCPUAttentionForward/f32_causal_s512_h8_kv8_d64/control-12,882,647671,1077258,10
pilot-02,3,measured,baseline,BenchmarkCPUGPTTrainingStep/direct-12,37,58602044,366402584,2730
pilot-02,3,measured,candidate,BenchmarkCPUGPTTrainingStep/direct-12,37,57796516,384188929,2747
pilot-02,4,measured,baseline,BenchmarkCPUAttentionBackward/f32_causal_s128_h8_kv8_d64/direct-12,1554,331081,853633,18
pilot-02,4,measured,baseline,BenchmarkCPUAttentionBackward/f32_causal_s256_h8_kv8_d64/direct-12,608,879362,1717149,18
pilot-02,4,measured,baseline,BenchmarkCPUAttentionBackward/f32_causal_s512_h8_kv8_d64/direct-12,188,3125418,3960267,18
pilot-02,4,measured,baseline,BenchmarkCPUAttentionBackward/f32_causal_s1024_h8_kv8_d64/direct-12,52,11206871,29795799,19
pilot-02,4,measured,baseline,BenchmarkCPUAttentionBackward/f32_noncausal_s512_h8_kv8_d64/direct-12,164,3633249,3147144,18
pilot-02,4,measured,baseline,BenchmarkCPUAttentionBackward/f32_causal_gqa_s128_h4_kv2_d16/direct-12,4659,128442,67203,16
pilot-02,4,measured,baseline,BenchmarkCPUAttentionBackward/f64_causal_s128_h8_kv8_d64/direct-12,433,1278785,1747778,40
pilot-02,4,measured,candidate,BenchmarkCPUAttentionBackward/f32_causal_s128_h8_kv8_d64/direct-12,1566,332434,849507,18
pilot-02,4,measured,candidate,BenchmarkCPUAttentionBackward/f32_causal_s256_h8_kv8_d64/direct-12,650,806695,1708171,18
pilot-02,4,measured,candidate,BenchmarkCPUAttentionBackward/f32_causal_s512_h8_kv8_d64/direct-12,228,2542829,3653054,18
pilot-02,4,measured,candidate,BenchmarkCPUAttentionBackward/f32_causal_s1024_h8_kv8_d64/direct-12,67,9237467,28509698,19
pilot-02,4,measured,candidate,BenchmarkCPUAttentionBackward/f32_noncausal_s512_h8_kv8_d64/direct-12,164,3674623,3147144,18
pilot-02,4,measured,candidate,BenchmarkCPUAttentionBackward/f32_causal_gqa_s128_h4_kv2_d16/direct-12,4645,129428,67112,16
pilot-02,4,measured,candidate,BenchmarkCPUAttentionBackward/f64_causal_s128_h8_kv8_d64/direct-12,433,1254137,1805925,40
pilot-02,4,measured,baseline,BenchmarkCPUAttentionForward/f32_causal_s512_h8_kv8_d64/control-12,874,654879,1114731,10
pilot-02,4,measured,candidate,BenchmarkCPUAttentionForward/f32_causal_s512_h8_kv8_d64/control-12,866,648250,1089316,10
pilot-02,4,measured,baseline,BenchmarkCPUGPTTrainingStep/direct-12,37,61060440,377013013,2741
pilot-02,4,measured,candidate,BenchmarkCPUGPTTrainingStep/direct-12,37,58464042,383734751,2746
pilot-02,5,measured,baseline,BenchmarkCPUAttentionBackward/f32_causal_s128_h8_kv8_d64/direct-12,1542,339485,854567,18
pilot-02,5,measured,baseline,BenchmarkCPUAttentionBackward/f32_causal_s256_h8_kv8_d64/direct-12,606,874784,1673555,18
pilot-02,5,measured,baseline,BenchmarkCPUAttentionBackward/f32_causal_s512_h8_kv8_d64/direct-12,188,3093938,3810891,18
pilot-02,5,measured,baseline,BenchmarkCPUAttentionBackward/f32_causal_s1024_h8_kv8_d64/direct-12,52,11850134,32155096,19
pilot-02,5,measured,baseline,BenchmarkCPUAttentionBackward/f32_noncausal_s512_h8_kv8_d64/direct-12,159,3632127,3147144,18
pilot-02,5,measured,baseline,BenchmarkCPUAttentionBackward/f32_causal_gqa_s128_h4_kv2_d16/direct-12,4604,128729,67233,16
pilot-02,5,measured,baseline,BenchmarkCPUAttentionBackward/f64_causal_s128_h8_kv8_d64/direct-12,440,1246845,1726254,39
pilot-02,5,measured,candidate,BenchmarkCPUAttentionBackward/f32_causal_s128_h8_kv8_d64/direct-12,1794,335084,848550,18
pilot-02,5,measured,candidate,BenchmarkCPUAttentionBackward/f32_causal_s256_h8_kv8_d64/direct-12,637,878732,1701901,18
pilot-02,5,measured,candidate,BenchmarkCPUAttentionBackward/f32_causal_s512_h8_kv8_d64/direct-12,207,2832771,3667811,18
pilot-02,5,measured,candidate,BenchmarkCPUAttentionBackward/f32_causal_s1024_h8_kv8_d64/direct-12,57,10211135,28435563,20
pilot-02,5,measured,candidate,BenchmarkCPUAttentionBackward/f32_noncausal_s512_h8_kv8_d64/direct-12,152,3750697,3635430,18
pilot-02,5,measured,candidate,BenchmarkCPUAttentionBackward/f32_causal_gqa_s128_h4_kv2_d16/direct-12,4620,128859,67232,16
pilot-02,5,measured,candidate,BenchmarkCPUAttentionBackward/f64_causal_s128_h8_kv8_d64/direct-12,441,1271119,1880634,40
pilot-02,5,measured,baseline,BenchmarkCPUAttentionForward/f32_causal_s512_h8_kv8_d64/control-12,873,650494,1083740,10
pilot-02,5,measured,candidate,BenchmarkCPUAttentionForward/f32_causal_s512_h8_kv8_d64/control-12,877,658175,1081277,10
pilot-02,5,measured,baseline,BenchmarkCPUGPTTrainingStep/direct-12,32,63525879,380277372,2741
pilot-02,5,measured,candidate,BenchmarkCPUGPTTrainingStep/direct-12,37,59737191,368494153,2733
pilot-02,6,measured,baseline,BenchmarkCPUAttentionBackward/f32_causal_s128_h8_kv8_d64/direct-12,1537,331138,846840,18
pilot-02,6,measured,baseline,BenchmarkCPUAttentionBackward/f32_causal_s256_h8_kv8_d64/direct-12,595,870807,1641674,18
pilot-02,6,measured,baseline,BenchmarkCPUAttentionBackward/f32_causal_s512_h8_kv8_d64/direct-12,186,3084959,4026616,18
pilot-02,6,measured,baseline,BenchmarkCPUAttentionBackward/f32_causal_s1024_h8_kv8_d64/direct-12,49,11287817,30571368,19
pilot-02,6,measured,baseline,BenchmarkCPUAttentionBackward/f32_noncausal_s512_h8_kv8_d64/direct-12,163,3725606,3147144,18
pilot-02,6,measured,baseline,BenchmarkCPUAttentionBackward/f32_causal_gqa_s128_h4_kv2_d16/direct-12,4647,128062,67122,16
pilot-02,6,measured,baseline,BenchmarkCPUAttentionBackward/f64_causal_s128_h8_kv8_d64/direct-12,423,1267717,1778657,40
pilot-02,6,measured,candidate,BenchmarkCPUAttentionBackward/f32_causal_s128_h8_kv8_d64/direct-12,1533,332747,867896,18
pilot-02,6,measured,candidate,BenchmarkCPUAttentionBackward/f32_causal_s256_h8_kv8_d64/direct-12,654,792793,1694423,18
pilot-02,6,measured,candidate,BenchmarkCPUAttentionBackward/f32_causal_s512_h8_kv8_d64/direct-12,228,2507117,3749632,18
pilot-02,6,measured,candidate,BenchmarkCPUAttentionBackward/f32_causal_s1024_h8_kv8_d64/direct-12,58,9574690,28883092,19
pilot-02,6,measured,candidate,BenchmarkCPUAttentionBackward/f32_noncausal_s512_h8_kv8_d64/direct-12,163,3650349,3147144,18
pilot-02,6,measured,candidate,BenchmarkCPUAttentionBackward/f32_causal_gqa_s128_h4_kv2_d16/direct-12,4647,128263,67096,16
pilot-02,6,measured,candidate,BenchmarkCPUAttentionBackward/f64_causal_s128_h8_kv8_d64/direct-12,440,1270667,1769212,40
pilot-02,6,measured,baseline,BenchmarkCPUAttentionForward/f32_causal_s512_h8_kv8_d64/control-12,877,655169,1097591,10
pilot-02,6,measured,candidate,BenchmarkCPUAttentionForward/f32_causal_s512_h8_kv8_d64/control-12,876,647665,1070988,10
pilot-02,6,measured,baseline,BenchmarkCPUGPTTrainingStep/direct-12,37,59080119,391787059,2754
pilot-02,6,measured,candidate,BenchmarkCPUGPTTrainingStep/direct-12,37,60132024,388084693,2751
pilot-02,7,measured,baseline,BenchmarkCPUAttentionBackward/f32_causal_s128_h8_kv8_d64/direct-12,1558,341838,853444,18
pilot-02,7,measured,baseline,BenchmarkCPUAttentionBackward/f32_causal_s256_h8_kv8_d64/direct-12,595,873607,1654396,18
pilot-02,7,measured,baseline,BenchmarkCPUAttentionBackward/f32_causal_s512_h8_kv8_d64/direct-12,188,3101759,3849934,18
pilot-02,7,measured,baseline,BenchmarkCPUAttentionBackward/f32_causal_s1024_h8_kv8_d64/direct-12,49,11315378,28923607,19
pilot-02,7,measured,baseline,BenchmarkCPUAttentionBackward/f32_noncausal_s512_h8_kv8_d64/direct-12,162,3674181,3147144,18
pilot-02,7,measured,baseline,BenchmarkCPUAttentionBackward/f32_causal_gqa_s128_h4_kv2_d16/direct-12,4665,128854,67120,16
pilot-02,7,measured,baseline,BenchmarkCPUAttentionBackward/f64_causal_s128_h8_kv8_d64/direct-12,436,1456716,1758777,40
pilot-02,7,measured,candidate,BenchmarkCPUAttentionBackward/f32_causal_s128_h8_kv8_d64/direct-12,1562,332818,852207,18
pilot-02,7,measured,candidate,BenchmarkCPUAttentionBackward/f32_causal_s256_h8_kv8_d64/direct-12,646,797778,1718891,18
pilot-02,7,measured,candidate,BenchmarkCPUAttentionBackward/f32_causal_s512_h8_kv8_d64/direct-12,228,2559384,3763430,18
pilot-02,7,measured,candidate,BenchmarkCPUAttentionBackward/f32_causal_s1024_h8_kv8_d64/direct-12,62,9285243,28508118,19
pilot-02,7,measured,candidate,BenchmarkCPUAttentionBackward/f32_noncausal_s512_h8_kv8_d64/direct-12,163,3638425,3147144,18
pilot-02,7,measured,candidate,BenchmarkCPUAttentionBackward/f32_causal_gqa_s128_h4_kv2_d16/direct-12,4586,129850,67125,16
pilot-02,7,measured,candidate,BenchmarkCPUAttentionBackward/f64_causal_s128_h8_kv8_d64/direct-12,434,1257979,1781261,40
pilot-02,7,measured,baseline,BenchmarkCPUAttentionForward/f32_causal_s512_h8_kv8_d64/control-12,789,714193,1096580,10
pilot-02,7,measured,candidate,BenchmarkCPUAttentionForward/f32_causal_s512_h8_kv8_d64/control-12,812,714289,1090929,10
pilot-02,7,measured,baseline,BenchmarkCPUGPTTrainingStep/direct-12,37,60261661,368094777,2732
pilot-02,7,measured,candidate,BenchmarkCPUGPTTrainingStep/direct-12,36,57730983,388374705,2752
confirmation-01,0,warmup,baseline,BenchmarkCPUAttentionBackward/f32_causal_s128_h8_kv8_d64/direct-12,5301,480210,857149,18
confirmation-01,0,warmup,baseline,BenchmarkCPUAttentionBackward/f32_causal_s256_h8_kv8_d64/direct-12,2611,959144,1630010,18
confirmation-01,0,warmup,baseline,BenchmarkCPUAttentionBackward/f32_causal_s512_h8_kv8_d64/direct-12,723,3069298,3318303,18
confirmation-01,0,warmup,baseline,BenchmarkCPUAttentionBackward/f32_causal_s1024_h8_kv8_d64/direct-12,192,12039882,10045153,18
confirmation-01,0,warmup,baseline,BenchmarkCPUAttentionBackward/f32_noncausal_s512_h8_kv8_d64/direct-12,654,3729589,3147144,18
confirmation-01,0,warmup,baseline,BenchmarkCPUAttentionBackward/f32_causal_gqa_s128_h4_kv2_d16/direct-12,18878,127005,66989,16
confirmation-01,0,warmup,baseline,BenchmarkCPUAttentionBackward/f64_causal_s128_h8_kv8_d64/direct-12,1666,1346545,1694620,39
confirmation-01,0,warmup,candidate,BenchmarkCPUAttentionBackward/f32_causal_s128_h8_kv8_d64/direct-12,6349,384050,857470,18
confirmation-01,0,warmup,candidate,BenchmarkCPUAttentionBackward/f32_causal_s256_h8_kv8_d64/direct-12,2742,776943,1610424,18
confirmation-01,0,warmup,candidate,BenchmarkCPUAttentionBackward/f32_causal_s512_h8_kv8_d64/direct-12,912,2458877,3316180,18
confirmation-01,0,warmup,candidate,BenchmarkCPUAttentionBackward/f32_causal_s1024_h8_kv8_d64/direct-12,258,10302480,8274338,18
confirmation-01,0,warmup,candidate,BenchmarkCPUAttentionBackward/f32_noncausal_s512_h8_kv8_d64/direct-12,546,4077560,3278820,18
confirmation-01,0,warmup,candidate,BenchmarkCPUAttentionBackward/f32_causal_gqa_s128_h4_kv2_d16/direct-12,18246,130046,66964,16
confirmation-01,0,warmup,candidate,BenchmarkCPUAttentionBackward/f64_causal_s128_h8_kv8_d64/direct-12,1284,1885893,1670323,39
confirmation-01,0,warmup,baseline,BenchmarkCPUAttentionForward/f32_causal_s512_h8_kv8_d64/control-12,3225,726366,1097124,10
confirmation-01,0,warmup,candidate,BenchmarkCPUAttentionForward/f32_causal_s512_h8_kv8_d64/control-12,3231,715890,1121957,10
confirmation-01,0,warmup,baseline,BenchmarkCPUGPTTrainingStep/direct-12,33,109146693,379581377,2743
confirmation-01,0,warmup,candidate,BenchmarkCPUGPTTrainingStep/direct-12,33,65018672,389644107,2751
confirmation-01,1,measured,baseline,BenchmarkCPUAttentionBackward/f32_causal_s128_h8_kv8_d64/direct-12,6526,350231,851008,18
confirmation-01,1,measured,baseline,BenchmarkCPUAttentionBackward/f32_causal_s256_h8_kv8_d64/direct-12,2179,951990,1662451,18
confirmation-01,1,measured,baseline,BenchmarkCPUAttentionBackward/f32_causal_s512_h8_kv8_d64/direct-12,742,3039470,3382856,18
confirmation-01,1,measured,baseline,BenchmarkCPUAttentionBackward/f32_causal_s1024_h8_kv8_d64/direct-12,207,11387872,8886451,18
confirmation-01,1,measured,baseline,BenchmarkCPUAttentionBackward/f32_noncausal_s512_h8_kv8_d64/direct-12,621,3862061,3161971,18
confirmation-01,1,measured,baseline,BenchmarkCPUAttentionBackward/f32_causal_gqa_s128_h4_kv2_d16/direct-12,18598,124646,66999,16
confirmation-01,1,measured,baseline,BenchmarkCPUAttentionBackward/f64_causal_s128_h8_kv8_d64/direct-12,1660,1624723,1694986,39
confirmation-01,1,measured,candidate,BenchmarkCPUAttentionBackward/f32_causal_s128_h8_kv8_d64/direct-12,6026,335508,851769,18
confirmation-01,1,measured,candidate,BenchmarkCPUAttentionBackward/f32_causal_s256_h8_kv8_d64/direct-12,2672,780044,1612045,18
confirmation-01,1,measured,candidate,BenchmarkCPUAttentionBackward/f32_causal_s512_h8_kv8_d64/direct-12,913,2529714,3310252,18
confirmation-01,1,measured,candidate,BenchmarkCPUAttentionBackward/f32_causal_s1024_h8_kv8_d64/direct-12,234,9635037,8874000,18
confirmation-01,1,measured,candidate,BenchmarkCPUAttentionBackward/f32_noncausal_s512_h8_kv8_d64/direct-12,649,4233648,3147144,18
confirmation-01,1,measured,candidate,BenchmarkCPUAttentionBackward/f32_causal_gqa_s128_h4_kv2_d16/direct-12,19136,128543,66981,16
confirmation-01,1,measured,candidate,BenchmarkCPUAttentionBackward/f64_causal_s128_h8_kv8_d64/direct-12,1654,1291642,1703618,39
confirmation-01,1,measured,baseline,BenchmarkCPUAttentionForward/f32_causal_s512_h8_kv8_d64/control-12,3457,654885,1082839,10
confirmation-01,1,measured,candidate,BenchmarkCPUAttentionForward/f32_causal_s512_h8_kv8_d64/control-12,3184,655934,1098660,10
confirmation-01,1,measured,baseline,BenchmarkCPUGPTTrainingStep/direct-12,37,60322717,380470011,2744
confirmation-01,1,measured,candidate,BenchmarkCPUGPTTrainingStep/direct-12,37,59333009,387245245,2750
confirmation-01,2,measured,baseline,BenchmarkCPUAttentionBackward/f32_causal_s128_h8_kv8_d64/direct-12,6177,333328,857873,18
confirmation-01,2,measured,baseline,BenchmarkCPUAttentionBackward/f32_causal_s256_h8_kv8_d64/direct-12,2359,861282,1637651,18
confirmation-01,2,measured,baseline,BenchmarkCPUAttentionBackward/f32_causal_s512_h8_kv8_d64/direct-12,751,3010653,3302148,18
confirmation-01,2,measured,baseline,BenchmarkCPUAttentionBackward/f32_causal_s1024_h8_kv8_d64/direct-12,198,11731883,9076001,18
confirmation-01,2,measured,baseline,BenchmarkCPUAttentionBackward/f32_noncausal_s512_h8_kv8_d64/direct-12,638,3784525,3160292,18
confirmation-01,2,measured,baseline,BenchmarkCPUAttentionBackward/f32_causal_gqa_s128_h4_kv2_d16/direct-12,18501,127607,66997,16
confirmation-01,2,measured,baseline,BenchmarkCPUAttentionBackward/f64_causal_s128_h8_kv8_d64/direct-12,1726,1299140,1694208,39
confirmation-01,2,measured,candidate,BenchmarkCPUAttentionBackward/f32_causal_s128_h8_kv8_d64/direct-12,7244,333948,847215,18
confirmation-01,2,measured,candidate,BenchmarkCPUAttentionBackward/f32_causal_s256_h8_kv8_d64/direct-12,2601,778686,1619990,18
confirmation-01,2,measured,candidate,BenchmarkCPUAttentionBackward/f32_causal_s512_h8_kv8_d64/direct-12,919,2479146,3320097,18
confirmation-01,2,measured,candidate,BenchmarkCPUAttentionBackward/f32_causal_s1024_h8_kv8_d64/direct-12,254,9640173,7878120,18
confirmation-01,2,measured,candidate,BenchmarkCPUAttentionBackward/f32_noncausal_s512_h8_kv8_d64/direct-12,632,4093849,3166696,18
confirmation-01,2,measured,candidate,BenchmarkCPUAttentionBackward/f32_causal_gqa_s128_h4_kv2_d16/direct-12,20362,130015,66999,16
confirmation-01,2,measured,candidate,BenchmarkCPUAttentionBackward/f64_causal_s128_h8_kv8_d64/direct-12,1671,1445302,1704376,39
confirmation-01,2,measured,baseline,BenchmarkCPUAttentionForward/f32_causal_s512_h8_kv8_d64/control-12,3145,703004,1086137,10
confirmation-01,2,measured,candidate,BenchmarkCPUAttentionForward/f32_causal_s512_h8_kv8_d64/control-12,3495,669891,1083346,10
confirmation-01,2,measured,baseline,BenchmarkCPUGPTTrainingStep/direct-12,33,60932114,379730097,2744
confirmation-01,2,measured,candidate,BenchmarkCPUGPTTrainingStep/direct-12,39,58301500,388144857,2750
confirmation-01,3,measured,baseline,BenchmarkCPUAttentionBackward/f32_causal_s128_h8_kv8_d64/direct-12,5476,451087,845893,18
confirmation-01,3,measured,baseline,BenchmarkCPUAttentionBackward/f32_causal_s256_h8_kv8_d64/direct-12,2404,872829,1644385,18
confirmation-01,3,measured,baseline,BenchmarkCPUAttentionBackward/f32_causal_s512_h8_kv8_d64/direct-12,766,3037368,3342618,18
confirmation-01,3,measured,baseline,BenchmarkCPUAttentionBackward/f32_causal_s1024_h8_kv8_d64/direct-12,206,11489943,10047054,18
confirmation-01,3,measured,baseline,BenchmarkCPUAttentionBackward/f32_noncausal_s512_h8_kv8_d64/direct-12,642,3825135,3147144,18
confirmation-01,3,measured,baseline,BenchmarkCPUAttentionBackward/f32_causal_gqa_s128_h4_kv2_d16/direct-12,18782,128038,67018,16
confirmation-01,3,measured,baseline,BenchmarkCPUAttentionBackward/f64_causal_s128_h8_kv8_d64/direct-12,1687,1361799,1724490,39
confirmation-01,3,measured,candidate,BenchmarkCPUAttentionBackward/f32_causal_s128_h8_kv8_d64/direct-12,7225,331322,853423,18
confirmation-01,3,measured,candidate,BenchmarkCPUAttentionBackward/f32_causal_s256_h8_kv8_d64/direct-12,2608,1023658,1687885,18
confirmation-01,3,measured,candidate,BenchmarkCPUAttentionBackward/f32_causal_s512_h8_kv8_d64/direct-12,804,2800534,3382409,18
confirmation-01,3,measured,candidate,BenchmarkCPUAttentionBackward/f32_causal_s1024_h8_kv8_d64/direct-12,219,9797224,9426800,18
confirmation-01,3,measured,candidate,BenchmarkCPUAttentionBackward/f32_noncausal_s512_h8_kv8_d64/direct-12,644,3818277,3147144,18
confirmation-01,3,measured,candidate,BenchmarkCPUAttentionBackward/f32_causal_gqa_s128_h4_kv2_d16/direct-12,18790,127761,66951,16
confirmation-01,3,measured,candidate,BenchmarkCPUAttentionBackward/f64_causal_s128_h8_kv8_d64/direct-12,1600,1308272,1689566,39
confirmation-01,3,measured,baseline,BenchmarkCPUAttentionForward/f32_causal_s512_h8_kv8_d64/control-12,3217,691277,1097529,10
confirmation-01,3,measured,candidate,BenchmarkCPUAttentionForward/f32_causal_s512_h8_kv8_d64/control-12,3458,686297,1077937,10
confirmation-01,3,measured,baseline,BenchmarkCPUGPTTrainingStep/direct-12,37,61032798,379357867,2742
confirmation-01,3,measured,candidate,BenchmarkCPUGPTTrainingStep/direct-12,36,61747939,387415029,2753
confirmation-01,4,measured,baseline,BenchmarkCPUAttentionBackward/f32_causal_s128_h8_kv8_d64/direct-12,6276,332911,853266,18
confirmation-01,4,measured,baseline,BenchmarkCPUAttentionBackward/f32_causal_s256_h8_kv8_d64/direct-12,2376,861881,1597614,18
confirmation-01,4,measured,baseline,BenchmarkCPUAttentionBackward/f32_causal_s512_h8_kv8_d64/direct-12,751,3391344,3400278,18
confirmation-01,4,measured,baseline,BenchmarkCPUAttentionBackward/f32_causal_s1024_h8_kv8_d64/direct-12,178,13805719,9406759,18
confirmation-01,4,measured,baseline,BenchmarkCPUAttentionBackward/f32_noncausal_s512_h8_kv8_d64/direct-12,598,4217994,3167802,18
confirmation-01,4,measured,baseline,BenchmarkCPUAttentionBackward/f32_causal_gqa_s128_h4_kv2_d16/direct-12,17487,127131,66981,16
confirmation-01,4,measured,baseline,BenchmarkCPUAttentionBackward/f64_causal_s128_h8_kv8_d64/direct-12,1296,1904222,1697124,39
confirmation-01,4,measured,candidate,BenchmarkCPUAttentionBackward/f32_causal_s128_h8_kv8_d64/direct-12,4856,480560,845161,18
confirmation-01,4,measured,candidate,BenchmarkCPUAttentionBackward/f32_causal_s256_h8_kv8_d64/direct-12,2374,912494,1638233,18
confirmation-01,4,measured,candidate,BenchmarkCPUAttentionBackward/f32_causal_s512_h8_kv8_d64/direct-12,716,3213220,3493703,18
confirmation-01,4,measured,candidate,BenchmarkCPUAttentionBackward/f32_causal_s1024_h8_kv8_d64/direct-12,213,10100435,6607942,18
confirmation-01,4,measured,candidate,BenchmarkCPUAttentionBackward/f32_noncausal_s512_h8_kv8_d64/direct-12,652,3786037,3161266,18
confirmation-01,4,measured,candidate,BenchmarkCPUAttentionBackward/f32_causal_gqa_s128_h4_kv2_d16/direct-12,18724,127567,66972,16
confirmation-01,4,measured,candidate,BenchmarkCPUAttentionBackward/f64_causal_s128_h8_kv8_d64/direct-12,1551,1730434,1671599,39
confirmation-01,4,measured,baseline,BenchmarkCPUAttentionForward/f32_causal_s512_h8_kv8_d64/control-12,3543,665226,1100080,10
confirmation-01,4,measured,candidate,BenchmarkCPUAttentionForward/f32_causal_s512_h8_kv8_d64/control-12,3520,679801,1102938,10
confirmation-01,4,measured,baseline,BenchmarkCPUGPTTrainingStep/direct-12,32,63580208,387805709,2749
confirmation-01,4,measured,candidate,BenchmarkCPUGPTTrainingStep/direct-12,31,64556171,387948399,2748
confirmation-01,5,measured,baseline,BenchmarkCPUAttentionBackward/f32_causal_s128_h8_kv8_d64/direct-12,6441,337068,847104,18
confirmation-01,5,measured,baseline,BenchmarkCPUAttentionBackward/f32_causal_s256_h8_kv8_d64/direct-12,2412,867915,1654410,18
confirmation-01,5,measured,baseline,BenchmarkCPUAttentionBackward/f32_causal_s512_h8_kv8_d64/direct-12,769,2992587,3377606,18
confirmation-01,5,measured,baseline,BenchmarkCPUAttentionBackward/f32_causal_s1024_h8_kv8_d64/direct-12,210,11554169,9655982,18
confirmation-01,5,measured,baseline,BenchmarkCPUAttentionBackward/f32_noncausal_s512_h8_kv8_d64/direct-12,652,3745503,3147144,18
confirmation-01,5,measured,baseline,BenchmarkCPUAttentionBackward/f32_causal_gqa_s128_h4_kv2_d16/direct-12,18640,122723,67010,16
confirmation-01,5,measured,baseline,BenchmarkCPUAttentionBackward/f64_causal_s128_h8_kv8_d64/direct-12,1482,1931693,1719026,39
confirmation-01,5,measured,candidate,BenchmarkCPUAttentionBackward/f32_causal_s128_h8_kv8_d64/direct-12,6170,340818,852533,18
confirmation-01,5,measured,candidate,BenchmarkCPUAttentionBackward/f32_causal_s256_h8_kv8_d64/direct-12,2653,786768,1622405,18
confirmation-01,5,measured,candidate,BenchmarkCPUAttentionBackward/f32_causal_s512_h8_kv8_d64/direct-12,918,2463964,3355660,18
confirmation-01,5,measured,candidate,BenchmarkCPUAttentionBackward/f32_causal_s1024_h8_kv8_d64/direct-12,241,9988631,9023241,18
confirmation-01,5,measured,candidate,BenchmarkCPUAttentionBackward/f32_noncausal_s512_h8_kv8_d64/direct-12,594,3816183,3147144,18
confirmation-01,5,measured,candidate,BenchmarkCPUAttentionBackward/f32_causal_gqa_s128_h4_kv2_d16/direct-12,18649,127840,66963,16
confirmation-01,5,measured,candidate,BenchmarkCPUAttentionBackward/f64_causal_s128_h8_kv8_d64/direct-12,1645,1293270,1727155,40
confirmation-01,5,measured,baseline,BenchmarkCPUAttentionForward/f32_causal_s512_h8_kv8_d64/control-12,3356,659301,1102960,10
confirmation-01,5,measured,candidate,BenchmarkCPUAttentionForward/f32_causal_s512_h8_kv8_d64/control-12,3531,657518,1081746,10
confirmation-01,5,measured,baseline,BenchmarkCPUGPTTrainingStep/direct-12,36,58768495,377022088,2741
confirmation-01,5,measured,candidate,BenchmarkCPUGPTTrainingStep/direct-12,37,57718595,383102895,2747
confirmation-01,6,measured,baseline,BenchmarkCPUAttentionBackward/f32_causal_s128_h8_kv8_d64/direct-12,6198,330697,855558,18
confirmation-01,6,measured,baseline,BenchmarkCPUAttentionBackward/f32_causal_s256_h8_kv8_d64/direct-12,2335,897937,1632635,18
confirmation-01,6,measured,baseline,BenchmarkCPUAttentionBackward/f32_causal_s512_h8_kv8_d64/direct-12,710,3120683,3436725,18
confirmation-01,6,measured,baseline,BenchmarkCPUAttentionBackward/f32_causal_s1024_h8_kv8_d64/direct-12,211,11339078,8678258,18
confirmation-01,6,measured,baseline,BenchmarkCPUAttentionBackward/f32_noncausal_s512_h8_kv8_d64/direct-12,652,3726889,3147144,18
confirmation-01,6,measured,baseline,BenchmarkCPUAttentionBackward/f32_causal_gqa_s128_h4_kv2_d16/direct-12,18787,127802,66955,16
confirmation-01,6,measured,baseline,BenchmarkCPUAttentionBackward/f64_causal_s128_h8_kv8_d64/direct-12,1687,1308367,1717011,39
confirmation-01,6,measured,candidate,BenchmarkCPUAttentionBackward/f32_causal_s128_h8_kv8_d64/direct-12,7176,336190,850546,18
confirmation-01,6,measured,candidate,BenchmarkCPUAttentionBackward/f32_causal_s256_h8_kv8_d64/direct-12,2667,787617,1603403,18
confirmation-01,6,measured,candidate,BenchmarkCPUAttentionBackward/f32_causal_s512_h8_kv8_d64/direct-12,867,2503479,3368904,18
confirmation-01,6,measured,candidate,BenchmarkCPUAttentionBackward/f32_causal_s1024_h8_kv8_d64/direct-12,266,8972753,8311198,18
confirmation-01,6,measured,candidate,BenchmarkCPUAttentionBackward/f32_noncausal_s512_h8_kv8_d64/direct-12,669,3739437,3147144,18
confirmation-01,6,measured,candidate,BenchmarkCPUAttentionBackward/f32_causal_gqa_s128_h4_kv2_d16/direct-12,18715,127880,66999,16
confirmation-01,6,measured,candidate,BenchmarkCPUAttentionBackward/f64_causal_s128_h8_kv8_d64/direct-12,1657,1539316,1702758,39
confirmation-01,6,measured,baseline,BenchmarkCPUAttentionForward/f32_causal_s512_h8_kv8_d64/control-12,3208,681251,1098084,10
confirmation-01,6,measured,candidate,BenchmarkCPUAttentionForward/f32_causal_s512_h8_kv8_d64/control-12,3474,648133,1078748,10
confirmation-01,6,measured,baseline,BenchmarkCPUGPTTrainingStep/direct-12,38,61440258,386187243,2749
confirmation-01,6,measured,candidate,BenchmarkCPUGPTTrainingStep/direct-12,24,85663752,393350194,2754
confirmation-01,7,measured,baseline,BenchmarkCPUAttentionBackward/f32_causal_s128_h8_kv8_d64/direct-12,6343,343017,854125,18
confirmation-01,7,measured,baseline,BenchmarkCPUAttentionBackward/f32_causal_s256_h8_kv8_d64/direct-12,2470,906123,1617081,18
confirmation-01,7,measured,baseline,BenchmarkCPUAttentionBackward/f32_causal_s512_h8_kv8_d64/direct-12,715,3099367,3424572,18
confirmation-01,7,measured,baseline,BenchmarkCPUAttentionBackward/f32_causal_s1024_h8_kv8_d64/direct-12,204,11541344,8634339,18
confirmation-01,7,measured,baseline,BenchmarkCPUAttentionBackward/f32_noncausal_s512_h8_kv8_d64/direct-12,644,3779472,3147145,18
confirmation-01,7,measured,baseline,BenchmarkCPUAttentionBackward/f32_causal_gqa_s128_h4_kv2_d16/direct-12,18579,125076,66973,16
confirmation-01,7,measured,baseline,BenchmarkCPUAttentionBackward/f64_causal_s128_h8_kv8_d64/direct-12,1689,1695751,1703204,39
confirmation-01,7,measured,candidate,BenchmarkCPUAttentionBackward/f32_causal_s128_h8_kv8_d64/direct-12,4983,445786,851487,18
confirmation-01,7,measured,candidate,BenchmarkCPUAttentionBackward/f32_causal_s256_h8_kv8_d64/direct-12,2308,909986,1667919,18
confirmation-01,7,measured,candidate,BenchmarkCPUAttentionBackward/f32_causal_s512_h8_kv8_d64/direct-12,902,2452492,3300357,18
confirmation-01,7,measured,candidate,BenchmarkCPUAttentionBackward/f32_causal_s1024_h8_kv8_d64/direct-12,267,9129698,8554983,18
confirmation-01,7,measured,candidate,BenchmarkCPUAttentionBackward/f32_noncausal_s512_h8_kv8_d64/direct-12,667,3879261,3147144,18
confirmation-01,7,measured,candidate,BenchmarkCPUAttentionBackward/f32_causal_gqa_s128_h4_kv2_d16/direct-12,18351,128453,66987,16
confirmation-01,7,measured,candidate,BenchmarkCPUAttentionBackward/f64_causal_s128_h8_kv8_d64/direct-12,1623,1303977,1711487,39
confirmation-01,7,measured,baseline,BenchmarkCPUAttentionForward/f32_causal_s512_h8_kv8_d64/control-12,3471,653598,1083851,10
confirmation-01,7,measured,candidate,BenchmarkCPUAttentionForward/f32_causal_s512_h8_kv8_d64/control-12,3505,646473,1075637,10
confirmation-01,7,measured,baseline,BenchmarkCPUGPTTrainingStep/direct-12,37,59017108,380304171,2744
confirmation-01,7,measured,candidate,BenchmarkCPUGPTTrainingStep/direct-12,37,58279524,394385984,2760
