campaign,procs,benchmark,class,old_ns,new_ns,speedup,p_time,faster_pairs,old_bytes,new_bytes,p_bytes,old_allocs,new_allocs,p_allocs,target_pass,control_time_regression,bytes_increase,allocs_increase
1,1,BenchmarkSiLUBackwardF64_256K_cpu,control,710752.0,711951.0,0.9983158953354936,0.3175990675990676,2,4194648,4194648,1.0,6,6,1.0,false,false,false,false
1,1,BenchmarkSigmoidF64_64K_cpu,control,128735.0,128787.0,0.9995962325389985,1.0,3,524584,524584,1.0,5,5,1.0,false,false,false,false
1,1,BenchmarkSoftplusF64_256K_cpu,control,1085161.0,1086649.0,0.9986306525842291,1.0,4,2097448,2097448,1.0,5,5,1.0,false,false,false,false
1,1,BenchmarkVGELUF64NeonBoundary/execute/backward/active/n2048,control,29348.0,23422.0,1.2530099906071215,0.0005827505827505828,7,16712,16696,0.0005827505827505828,5,5,1.0,false,false,false,false
1,1,BenchmarkVGELUF64NeonBoundary/execute/backward/active/n262144,target,3994190.0,2895195.0,1.3795927390037632,0.0005827505827505828,7,2097480,2097464,0.0005827505827505828,5,5,1.0,true,false,false,false
1,1,BenchmarkVGELUF64NeonBoundary/execute/backward/mixed/n2048,control,49694.0,23443.0,2.1197798916520925,0.0005827505827505828,7,16712,16696,0.0005827505827505828,5,5,1.0,false,false,false,false
1,1,BenchmarkVGELUF64NeonBoundary/execute/backward/mixed/n262144,target,7487837.0,2891472.0,2.5896280510411307,0.0005827505827505828,7,2097480,2097464,0.0005827505827505828,5,5,1.0,true,false,false,false
1,1,BenchmarkVGELUF64NeonBoundary/execute/forward/active/n2048,control,9575.0,16177.0,0.5918897199728009,0.0005827505827505828,0,16680,16680,1.0,5,5,1.0,false,true,false,false
1,1,BenchmarkVGELUF64NeonBoundary/execute/forward/active/n262144,target,2640614.0,1970751.0,1.3399024026881123,0.0005827505827505828,7,2097448,2097448,1.0,5,5,1.0,true,false,false,false
1,1,BenchmarkVGELUF64NeonBoundary/execute/forward/mixed/n2048,control,30128.0,16207.0,1.8589498364904053,0.0005827505827505828,7,16680,16680,1.0,5,5,1.0,false,false,false,false
1,1,BenchmarkVGELUF64NeonBoundary/execute/forward/mixed/n262144,target,5476421.0,1966649.0,2.784645862072998,0.0005827505827505828,7,2097448,2097448,1.0,5,5,1.0,true,false,false,false
1,1,BenchmarkVGELUF64NeonBoundary/leaf/backward/active/n2048,control,28174.0,22247.0,1.2664179439924483,0.0005827505827505828,7,0,0,1.0,0,0,1.0,false,false,false,false
1,1,BenchmarkVGELUF64NeonBoundary/leaf/backward/active/n262144,leaf-diagnostic,3934628.0,2860344.0,1.3755786017346165,0.0005827505827505828,7,0,0,1.0,0,0,1.0,false,false,false,false
1,1,BenchmarkVGELUF64NeonBoundary/leaf/backward/mixed/n2048,control,48187.0,22224.0,2.1682415406767457,0.0005827505827505828,7,0,0,1.0,0,0,1.0,false,false,false,false
1,1,BenchmarkVGELUF64NeonBoundary/leaf/backward/mixed/n262144,leaf-diagnostic,7419795.0,2853841.0,2.599932862412447,0.0005827505827505828,7,0,0,1.0,0,0,1.0,false,false,false,false
1,1,BenchmarkVGELUF64NeonBoundary/leaf/forward/active/n2048,control,8550.0,15023.0,0.5691273380816082,0.0005827505827505828,0,0,0,1.0,0,0,1.0,false,true,false,false
1,1,BenchmarkVGELUF64NeonBoundary/leaf/forward/active/n262144,leaf-diagnostic,2591453.0,1922773.0,1.3477685613434347,0.0005827505827505828,7,0,0,1.0,0,0,1.0,false,false,false,false
1,1,BenchmarkVGELUF64NeonBoundary/leaf/forward/mixed/n2048,control,28997.0,15016.0,1.9310735215769845,0.0005827505827505828,7,0,0,1.0,0,0,1.0,false,false,false,false
1,1,BenchmarkVGELUF64NeonBoundary/leaf/forward/mixed/n262144,leaf-diagnostic,5459058.0,1926980.0,2.8329603836054345,0.0005827505827505828,7,0,0,1.0,0,0,1.0,false,false,false,false
1,12,BenchmarkSiLUBackwardF64_256K_cpu,control,270408.0,268571.0,1.0068399045317626,0.8047785547785548,4,4194702,4194700,0.30128205128205127,7,7,1.0,false,false,false,false
1,12,BenchmarkSigmoidF64_64K_cpu,control,100573.0,101490.0,0.9909646270568528,0.62004662004662,3,524614,524614,1.0,6,6,1.0,false,false,false,false
1,12,BenchmarkSoftplusF64_256K_cpu,control,278626.0,278621.0,1.0000179455245657,0.534965034965035,2,2097485,2097484,0.20454545454545456,6,6,1.0,false,false,false,false
1,12,BenchmarkVGELUF64NeonBoundary/execute/backward/active/n2048,control,29574.0,23530.0,1.2568635784105398,0.0005827505827505828,7,16712,16696,0.0005827505827505828,5,5,1.0,false,false,false,false
1,12,BenchmarkVGELUF64NeonBoundary/execute/backward/active/n262144,target,751237.0,538890.0,1.3940451669171816,0.0005827505827505828,7,2097521,2097502,0.0005827505827505828,6,6,1.0,true,false,false,false
1,12,BenchmarkVGELUF64NeonBoundary/execute/backward/mixed/n2048,control,50072.0,23632.0,2.1188219363574814,0.0005827505827505828,7,16712,16696,0.0005827505827505828,5,5,1.0,false,false,false,false
1,12,BenchmarkVGELUF64NeonBoundary/execute/backward/mixed/n262144,target,1200705.0,540991.0,2.219454667452878,0.0005827505827505828,7,2097515,2097497,0.0005827505827505828,6,6,1.0,true,false,false,false
1,12,BenchmarkVGELUF64NeonBoundary/execute/forward/active/n2048,control,9373.0,16338.0,0.5736932305055699,0.0005827505827505828,0,16680,16680,1.0,5,5,1.0,false,true,false,false
1,12,BenchmarkVGELUF64NeonBoundary/execute/forward/active/n262144,target,526855.0,415079.0,1.269288496888544,0.0005827505827505828,7,2097493,2097486,0.020396270396270396,6,6,1.0,true,false,false,false
1,12,BenchmarkVGELUF64NeonBoundary/execute/forward/mixed/n2048,control,30346.0,16313.0,1.8602341690676147,0.0005827505827505828,7,16680,16680,1.0,5,5,1.0,false,false,false,false
1,12,BenchmarkVGELUF64NeonBoundary/execute/forward/mixed/n262144,target,933420.0,421295.0,2.21559714689232,0.0005827505827505828,7,2097484,2097483,0.40034965034965037,6,6,1.0,true,false,false,false
1,12,BenchmarkVGELUF64NeonBoundary/leaf/backward/active/n2048,control,28369.0,22269.0,1.2739233912613948,0.0005827505827505828,7,0,0,1.0,0,0,1.0,false,false,false,false
1,12,BenchmarkVGELUF64NeonBoundary/leaf/backward/active/n262144,leaf-diagnostic,3948155.0,2859955.0,1.3804954973067758,0.0005827505827505828,7,0,0,1.0,0,0,1.0,false,false,false,false
1,12,BenchmarkVGELUF64NeonBoundary/leaf/backward/mixed/n2048,control,48561.0,22250.0,2.1825168539325843,0.0005827505827505828,7,0,0,1.0,0,0,1.0,false,false,false,false
1,12,BenchmarkVGELUF64NeonBoundary/leaf/backward/mixed/n262144,leaf-diagnostic,7424138.0,2857692.0,2.5979489742071573,0.0005827505827505828,7,0,0,1.0,0,0,1.0,false,false,false,false
1,12,BenchmarkVGELUF64NeonBoundary/leaf/forward/active/n2048,control,8934.0,15029.0,0.59445072859139,0.0005827505827505828,0,0,0,1.0,0,0,1.0,false,true,false,false
1,12,BenchmarkVGELUF64NeonBoundary/leaf/forward/active/n262144,leaf-diagnostic,2594784.0,1928629.0,1.3454033927727935,0.0005827505827505828,7,0,0,1.0,0,0,1.0,false,false,false,false
1,12,BenchmarkVGELUF64NeonBoundary/leaf/forward/mixed/n2048,control,29015.0,15030.0,1.930472388556221,0.0005827505827505828,7,0,0,1.0,0,0,1.0,false,false,false,false
1,12,BenchmarkVGELUF64NeonBoundary/leaf/forward/mixed/n262144,leaf-diagnostic,5464984.0,1926793.0,2.836310906257185,0.0005827505827505828,7,0,0,1.0,0,0,1.0,false,false,false,false
2,1,BenchmarkSiLUBackwardF64_256K_cpu,control,712846.0,712671.0,1.0002455551018632,0.7103729603729604,4,4194648,4194648,1.0,6,6,1.0,false,false,false,false
2,1,BenchmarkSigmoidF64_64K_cpu,control,130718.0,129899.0,1.006304898421081,0.03787878787878788,6,524584,524584,1.0,5,5,1.0,false,false,false,false
2,1,BenchmarkSoftplusF64_256K_cpu,control,1098229.0,1100365.0,0.9980588259350307,0.20862470862470864,3,2097448,2097448,1.0,5,5,1.0,false,false,false,false
2,1,BenchmarkVGELUF64NeonBoundary/execute/backward/active/n2048,control,29288.0,23441.0,1.2494347510771724,0.0005827505827505828,7,16712,16696,0.0005827505827505828,5,5,1.0,false,false,false,false
2,1,BenchmarkVGELUF64NeonBoundary/execute/backward/active/n262144,target,3981995.0,2888665.0,1.3784897175684963,0.0005827505827505828,7,2097480,2097464,0.0005827505827505828,5,5,1.0,true,false,false,false
2,1,BenchmarkVGELUF64NeonBoundary/execute/backward/mixed/n2048,control,49746.0,23406.0,2.125352473724686,0.0005827505827505828,7,16712,16696,0.0005827505827505828,5,5,1.0,false,false,false,false
2,1,BenchmarkVGELUF64NeonBoundary/execute/backward/mixed/n262144,target,7480968.0,2887281.0,2.591007941381528,0.0005827505827505828,7,2097480,2097464,0.0005827505827505828,5,5,1.0,true,false,false,false
2,1,BenchmarkVGELUF64NeonBoundary/execute/forward/active/n2048,control,9508.0,16162.0,0.5882935280287093,0.0005827505827505828,0,16680,16680,1.0,5,5,1.0,false,true,false,false
2,1,BenchmarkVGELUF64NeonBoundary/execute/forward/active/n262144,target,2633356.0,1972066.0,1.3353285336291991,0.0005827505827505828,7,2097448,2097448,1.0,5,5,1.0,true,false,false,false
2,1,BenchmarkVGELUF64NeonBoundary/execute/forward/mixed/n2048,control,30286.0,16153.0,1.874945830495883,0.0005827505827505828,7,16680,16680,1.0,5,5,1.0,false,false,false,false
2,1,BenchmarkVGELUF64NeonBoundary/execute/forward/mixed/n262144,target,5485256.0,1965482.0,2.790794319154284,0.0005827505827505828,7,2097448,2097448,1.0,5,5,1.0,true,false,false,false
2,1,BenchmarkVGELUF64NeonBoundary/leaf/backward/active/n2048,control,28112.0,22230.0,1.2645973909131805,0.0005827505827505828,7,0,0,1.0,0,0,1.0,false,false,false,false
2,1,BenchmarkVGELUF64NeonBoundary/leaf/backward/active/n262144,leaf-diagnostic,3929183.0,2851769.0,1.3778054954661476,0.0005827505827505828,7,0,0,1.0,0,0,1.0,false,false,false,false
2,1,BenchmarkVGELUF64NeonBoundary/leaf/backward/mixed/n2048,control,48520.0,22225.0,2.183127109111361,0.0005827505827505828,7,0,0,1.0,0,0,1.0,false,false,false,false
2,1,BenchmarkVGELUF64NeonBoundary/leaf/backward/mixed/n262144,leaf-diagnostic,7415790.0,2854541.0,2.5978922705962186,0.0005827505827505828,7,0,0,1.0,0,0,1.0,false,false,false,false
2,1,BenchmarkVGELUF64NeonBoundary/leaf/forward/active/n2048,control,9309.0,15010.0,0.6201865423051299,0.0005827505827505828,0,0,0,1.0,0,0,1.0,false,true,false,false
2,1,BenchmarkVGELUF64NeonBoundary/leaf/forward/active/n262144,leaf-diagnostic,2590960.0,1921890.0,1.3481312666177565,0.0005827505827505828,7,0,0,1.0,0,0,1.0,false,false,false,false
2,1,BenchmarkVGELUF64NeonBoundary/leaf/forward/mixed/n2048,control,29160.0,15019.0,1.9415407150942139,0.0005827505827505828,7,0,0,1.0,0,0,1.0,false,false,false,false
2,1,BenchmarkVGELUF64NeonBoundary/leaf/forward/mixed/n262144,leaf-diagnostic,5454128.0,1923663.0,2.835282479311605,0.0005827505827505828,7,0,0,1.0,0,0,1.0,false,false,false,false
2,12,BenchmarkSiLUBackwardF64_256K_cpu,control,267924.0,264479.0,1.013025608838509,0.38286713286713286,5,4194701,4194703,0.5145687645687645,7,7,1.0,false,false,false,false
2,12,BenchmarkSigmoidF64_64K_cpu,control,103659.0,100858.0,1.027771718653949,0.7103729603729604,4,524615,524614,0.46386946386946387,6,6,1.0,false,false,false,false
2,12,BenchmarkSoftplusF64_256K_cpu,control,277968.0,278104.0,0.9995109743117683,0.62004662004662,3,2097485,2097485,0.6217948717948718,6,6,1.0,false,false,false,false
2,12,BenchmarkVGELUF64NeonBoundary/execute/backward/active/n2048,control,29326.0,23461.0,1.2499893440177317,0.0005827505827505828,7,16712,16696,0.0005827505827505828,5,5,1.0,false,false,false,false
2,12,BenchmarkVGELUF64NeonBoundary/execute/backward/active/n262144,target,757675.0,537248.0,1.4102891029840967,0.0005827505827505828,7,2097518,2097500,0.0005827505827505828,6,6,1.0,true,false,false,false
2,12,BenchmarkVGELUF64NeonBoundary/execute/backward/mixed/n2048,control,49461.0,23381.0,2.1154356101107736,0.0005827505827505828,7,16712,16696,0.0005827505827505828,5,5,1.0,false,false,false,false
2,12,BenchmarkVGELUF64NeonBoundary/execute/backward/mixed/n262144,target,1188493.0,541229.0,2.1959152225767653,0.0005827505827505828,7,2097518,2097497,0.0005827505827505828,6,6,1.0,true,false,false,false
2,12,BenchmarkVGELUF64NeonBoundary/execute/forward/active/n2048,control,9228.0,16238.0,0.5682965882497845,0.0005827505827505828,0,16680,16680,1.0,5,5,1.0,false,true,false,false
2,12,BenchmarkVGELUF64NeonBoundary/execute/forward/active/n262144,target,524392.0,416866.0,1.257939001981452,0.0005827505827505828,7,2097493,2097488,0.008158508158508158,6,6,1.0,true,false,false,false
2,12,BenchmarkVGELUF64NeonBoundary/execute/forward/mixed/n2048,control,30223.0,16250.0,1.859876923076923,0.0005827505827505828,7,16680,16680,1.0,5,5,1.0,false,false,false,false
2,12,BenchmarkVGELUF64NeonBoundary/execute/forward/mixed/n262144,target,934531.0,418697.0,2.2319983185931593,0.0005827505827505828,7,2097485,2097483,0.21153846153846154,6,6,1.0,true,false,false,false
2,12,BenchmarkVGELUF64NeonBoundary/leaf/backward/active/n2048,control,28205.0,22237.0,1.2683815262850204,0.0005827505827505828,7,0,0,1.0,0,0,1.0,false,false,false,false
2,12,BenchmarkVGELUF64NeonBoundary/leaf/backward/active/n262144,leaf-diagnostic,3955192.0,2852939.0,1.3863570163960743,0.0005827505827505828,7,0,0,1.0,0,0,1.0,false,false,false,false
2,12,BenchmarkVGELUF64NeonBoundary/leaf/backward/mixed/n2048,control,48356.0,22143.0,2.1838052657724787,0.0005827505827505828,7,0,0,1.0,0,0,1.0,false,false,false,false
2,12,BenchmarkVGELUF64NeonBoundary/leaf/backward/mixed/n262144,leaf-diagnostic,7418770.0,2853965.0,2.5994607502194316,0.0005827505827505828,7,0,0,1.0,0,0,1.0,false,false,false,false
2,12,BenchmarkVGELUF64NeonBoundary/leaf/forward/active/n2048,control,9549.0,15015.0,0.635964035964036,0.0005827505827505828,0,0,0,1.0,0,0,1.0,false,true,false,false
2,12,BenchmarkVGELUF64NeonBoundary/leaf/forward/active/n262144,leaf-diagnostic,2592361.0,1921050.0,1.349450040342521,0.0005827505827505828,7,0,0,1.0,0,0,1.0,false,false,false,false
2,12,BenchmarkVGELUF64NeonBoundary/leaf/forward/mixed/n2048,control,29491.0,15018.0,1.9637102144093754,0.0005827505827505828,7,0,0,1.0,0,0,1.0,false,false,false,false
2,12,BenchmarkVGELUF64NeonBoundary/leaf/forward/mixed/n262144,leaf-diagnostic,5455138.0,1921968.0,2.838308442180099,0.0005827505827505828,7,0,0,1.0,0,0,1.0,false,false,false,false
3,1,BenchmarkSiLUBackwardF64_256K_cpu,control,710650.0,715235.0,0.9935895195285466,0.07284382284382285,2,4194648,4194648,1.0,6,6,1.0,false,false,false,false
3,1,BenchmarkSigmoidF64_64K_cpu,control,129629.0,129541.0,1.000679321604743,0.4557109557109557,4,524584,524584,1.0,5,5,1.0,false,false,false,false
3,1,BenchmarkSoftplusF64_256K_cpu,control,1095660.0,1096429.0,0.9992986321959744,0.62004662004662,4,2097448,2097448,1.0,5,5,1.0,false,false,false,false
3,1,BenchmarkVGELUF64NeonBoundary/execute/backward/active/n2048,control,29402.0,23423.0,1.255261922042437,0.0005827505827505828,7,16712,16696,0.0005827505827505828,5,5,1.0,false,false,false,false
3,1,BenchmarkVGELUF64NeonBoundary/execute/backward/active/n262144,target,4003475.0,2895286.0,1.382756314920184,0.0005827505827505828,7,2097480,2097464,0.0005827505827505828,5,5,1.0,true,false,false,false
3,1,BenchmarkVGELUF64NeonBoundary/execute/backward/mixed/n2048,control,49719.0,23452.0,2.1200324066177725,0.0005827505827505828,7,16712,16696,0.0005827505827505828,5,5,1.0,false,false,false,false
3,1,BenchmarkVGELUF64NeonBoundary/execute/backward/mixed/n262144,target,7503458.0,2899498.0,2.5878472756318507,0.0005827505827505828,7,2097480,2097464,0.0005827505827505828,5,5,1.0,true,false,false,false
3,1,BenchmarkVGELUF64NeonBoundary/execute/forward/active/n2048,control,9398.0,16235.0,0.5788728056667694,0.0005827505827505828,0,16680,16680,1.0,5,5,1.0,false,true,false,false
3,1,BenchmarkVGELUF64NeonBoundary/execute/forward/active/n262144,target,2634220.0,1973822.0,1.334578295307277,0.0005827505827505828,7,2097448,2097448,1.0,5,5,1.0,true,false,false,false
3,1,BenchmarkVGELUF64NeonBoundary/execute/forward/mixed/n2048,control,30218.0,16166.0,1.869231720895707,0.0005827505827505828,7,16680,16680,1.0,5,5,1.0,false,false,false,false
3,1,BenchmarkVGELUF64NeonBoundary/execute/forward/mixed/n262144,target,5506061.0,1969810.0,2.79522441250679,0.0005827505827505828,7,2097448,2097448,1.0,5,5,1.0,true,false,false,false
3,1,BenchmarkVGELUF64NeonBoundary/leaf/backward/active/n2048,control,28179.0,22242.0,1.2669274345832209,0.0005827505827505828,7,0,0,1.0,0,0,1.0,false,false,false,false
3,1,BenchmarkVGELUF64NeonBoundary/leaf/backward/active/n262144,leaf-diagnostic,3934244.0,2854411.0,1.378303264666511,0.0005827505827505828,7,0,0,1.0,0,0,1.0,false,false,false,false
3,1,BenchmarkVGELUF64NeonBoundary/leaf/backward/mixed/n2048,control,48089.0,22242.0,2.1620807481341604,0.0005827505827505828,7,0,0,1.0,0,0,1.0,false,false,false,false
3,1,BenchmarkVGELUF64NeonBoundary/leaf/backward/mixed/n262144,leaf-diagnostic,7416539.0,2853644.0,2.5989713503155967,0.0005827505827505828,7,0,0,1.0,0,0,1.0,false,false,false,false
3,1,BenchmarkVGELUF64NeonBoundary/leaf/forward/active/n2048,control,8894.0,15017.0,0.59226210294999,0.0005827505827505828,0,0,0,1.0,0,0,1.0,false,true,false,false
3,1,BenchmarkVGELUF64NeonBoundary/leaf/forward/active/n262144,leaf-diagnostic,2594325.0,1927854.0,1.3457061582464231,0.0005827505827505828,7,0,0,1.0,0,0,1.0,false,false,false,false
3,1,BenchmarkVGELUF64NeonBoundary/leaf/forward/mixed/n2048,control,28926.0,15018.0,1.9260886935677188,0.0005827505827505828,7,0,0,1.0,0,0,1.0,false,false,false,false
3,1,BenchmarkVGELUF64NeonBoundary/leaf/forward/mixed/n262144,leaf-diagnostic,5475198.0,1925201.0,2.843961747370794,0.0005827505827505828,7,0,0,1.0,0,0,1.0,false,false,false,false
3,12,BenchmarkSiLUBackwardF64_256K_cpu,control,269092.0,270588.0,0.9944712995402605,0.7103729603729604,3,4194702,4194694,0.12296037296037296,7,7,1.0,false,false,false,false
3,12,BenchmarkSigmoidF64_64K_cpu,control,101495.0,106097.0,0.9566245982450022,0.534965034965035,2,524613,524615,0.014568764568764568,6,6,1.0,false,false,true,false
3,12,BenchmarkSoftplusF64_256K_cpu,control,282418.0,281239.0,1.0041921639601905,0.4557109557109557,5,2097486,2097482,0.10256410256410256,6,6,1.0,false,false,false,false
3,12,BenchmarkVGELUF64NeonBoundary/execute/backward/active/n2048,control,29479.0,23537.0,1.2524535837192505,0.0005827505827505828,7,16712,16696,0.0005827505827505828,5,5,1.0,false,false,false,false
3,12,BenchmarkVGELUF64NeonBoundary/execute/backward/active/n262144,target,760110.0,537951.0,1.4129725569800966,0.0005827505827505828,7,2097520,2097500,0.0005827505827505828,6,6,1.0,true,false,false,false
3,12,BenchmarkVGELUF64NeonBoundary/execute/backward/mixed/n2048,control,49834.0,23585.0,2.1129531481874073,0.0005827505827505828,7,16712,16696,0.0005827505827505828,5,5,1.0,false,false,false,false
3,12,BenchmarkVGELUF64NeonBoundary/execute/backward/mixed/n262144,target,1196850.0,534196.0,2.24046979011449,0.0005827505827505828,7,2097513,2097498,0.0005827505827505828,6,6,1.0,true,false,false,false
3,12,BenchmarkVGELUF64NeonBoundary/execute/forward/active/n2048,control,9229.0,16303.0,0.5660921302827701,0.0005827505827505828,0,16680,16680,1.0,5,5,1.0,false,true,false,false
3,12,BenchmarkVGELUF64NeonBoundary/execute/forward/active/n262144,target,526753.0,415772.0,1.2669275468285504,0.0005827505827505828,7,2097495,2097490,0.0337995337995338,6,6,1.0,true,false,false,false
3,12,BenchmarkVGELUF64NeonBoundary/execute/forward/mixed/n2048,control,30175.0,16292.0,1.8521360176773878,0.0005827505827505828,7,16680,16680,1.0,5,5,1.0,false,false,false,false
3,12,BenchmarkVGELUF64NeonBoundary/execute/forward/mixed/n262144,target,945329.0,419542.0,2.2532404383828077,0.0005827505827505828,7,2097485,2097480,0.01048951048951049,6,6,1.0,true,false,false,false
3,12,BenchmarkVGELUF64NeonBoundary/leaf/backward/active/n2048,control,28429.0,22211.0,1.2799513754445995,0.0005827505827505828,7,0,0,1.0,0,0,1.0,false,false,false,false
3,12,BenchmarkVGELUF64NeonBoundary/leaf/backward/active/n262144,leaf-diagnostic,3973447.0,2858639.0,1.3899785877125443,0.0005827505827505828,7,0,0,1.0,0,0,1.0,false,false,false,false
3,12,BenchmarkVGELUF64NeonBoundary/leaf/backward/mixed/n2048,control,48775.0,22198.0,2.197270024326516,0.0005827505827505828,7,0,0,1.0,0,0,1.0,false,false,false,false
3,12,BenchmarkVGELUF64NeonBoundary/leaf/backward/mixed/n262144,leaf-diagnostic,7479756.0,2860986.0,2.614397973286133,0.0005827505827505828,7,0,0,1.0,0,0,1.0,false,false,false,false
3,12,BenchmarkVGELUF64NeonBoundary/leaf/forward/active/n2048,control,9343.0,15031.0,0.6215820637349477,0.0005827505827505828,0,0,0,1.0,0,0,1.0,false,true,false,false
3,12,BenchmarkVGELUF64NeonBoundary/leaf/forward/active/n262144,leaf-diagnostic,2600771.0,1924445.0,1.3514395059354776,0.0005827505827505828,7,0,0,1.0,0,0,1.0,false,false,false,false
3,12,BenchmarkVGELUF64NeonBoundary/leaf/forward/mixed/n2048,control,28964.0,15012.0,1.9293898214761525,0.0005827505827505828,7,0,0,1.0,0,0,1.0,false,false,false,false
3,12,BenchmarkVGELUF64NeonBoundary/leaf/forward/mixed/n262144,leaf-diagnostic,5468066.0,1926344.0,2.838571926924786,0.0005827505827505828,7,0,0,1.0,0,0,1.0,false,false,false,false
