invocation,pair,arm,sample,case,iterations,ns_per_op,bytes_per_op,allocs_per_op
0,1,old,warmup,direct_ReLU_F32_N2048,101156,2402,8424,4
0,1,old,retained,direct_ReLU_F32_N2048,104143,2470,8424,4
0,1,old,warmup,direct_ReLU_F32_N262144,957,251412,1048808,4
0,1,old,retained,direct_ReLU_F32_N262144,950,279445,1048808,4
0,1,old,warmup,direct_ReLU_F64_N2048,84136,2796,16616,4
0,1,old,retained,direct_ReLU_F64_N2048,85172,3295,16616,4
0,1,old,warmup,direct_ReLU_F64_N262144,870,265512,2097384,4
0,1,old,retained,direct_ReLU_F64_N262144,886,326394,2097384,4
0,1,old,warmup,taped_ReLU_F32_N2048,93612,2529,8616,6
0,1,old,retained,taped_ReLU_F32_N2048,93198,2451,8616,6
0,1,old,warmup,taped_ReLU_F32_N262144,958,250222,1049000,6
0,1,old,retained,taped_ReLU_F32_N262144,933,246391,1049000,6
0,1,old,warmup,taped_ReLU_F64_N2048,80008,2885,16808,6
0,1,old,retained,taped_ReLU_F64_N2048,83119,3485,16808,6
0,1,old,warmup,taped_ReLU_F64_N262144,855,258671,2097576,6
0,1,old,retained,taped_ReLU_F64_N262144,916,261533,2097576,6
1,1,new,warmup,direct_ReLU_F32_N2048,96380,2308,8424,4
1,1,new,retained,direct_ReLU_F32_N2048,105644,2287,8424,4
1,1,new,warmup,direct_ReLU_F32_N262144,960,246092,1048808,4
1,1,new,retained,direct_ReLU_F32_N262144,967,298127,1048808,4
1,1,new,warmup,direct_ReLU_F64_N2048,90003,2670,16616,4
1,1,new,retained,direct_ReLU_F64_N2048,88221,2742,16616,4
1,1,new,warmup,direct_ReLU_F64_N262144,886,257326,2097384,4
1,1,new,retained,direct_ReLU_F64_N262144,924,257967,2097384,4
1,1,new,warmup,taped_ReLU_F32_N2048,99771,2411,8616,6
1,1,new,retained,taped_ReLU_F32_N2048,98364,2396,8616,6
1,1,new,warmup,taped_ReLU_F32_N262144,954,243494,1049000,6
1,1,new,retained,taped_ReLU_F32_N262144,988,314673,1049000,6
1,1,new,warmup,taped_ReLU_F64_N2048,85189,2848,16808,6
1,1,new,retained,taped_ReLU_F64_N2048,83262,2818,16808,6
1,1,new,warmup,taped_ReLU_F64_N262144,908,260045,2097576,6
1,1,new,retained,taped_ReLU_F64_N262144,850,273637,2097576,6
2,2,new,warmup,direct_ReLU_F32_N2048,96483,2367,8424,4
2,2,new,retained,direct_ReLU_F32_N2048,100938,2389,8424,4
2,2,new,warmup,direct_ReLU_F32_N262144,930,252898,1048808,4
2,2,new,retained,direct_ReLU_F32_N262144,927,255329,1048808,4
2,2,new,warmup,direct_ReLU_F64_N2048,84189,3658,16616,4
2,2,new,retained,direct_ReLU_F64_N2048,83652,2875,16616,4
2,2,new,warmup,direct_ReLU_F64_N262144,842,267532,2097384,4
2,2,new,retained,direct_ReLU_F64_N262144,885,265773,2097384,4
2,2,new,warmup,taped_ReLU_F32_N2048,95544,2497,8616,6
2,2,new,retained,taped_ReLU_F32_N2048,95539,2520,8616,6
2,2,new,warmup,taped_ReLU_F32_N262144,926,259715,1049000,6
2,2,new,retained,taped_ReLU_F32_N262144,940,252014,1049000,6
2,2,new,warmup,taped_ReLU_F64_N2048,82616,3021,16808,6
2,2,new,retained,taped_ReLU_F64_N2048,70820,3302,16808,6
2,2,new,warmup,taped_ReLU_F64_N262144,891,306907,2097576,6
2,2,new,retained,taped_ReLU_F64_N262144,918,258114,2097576,6
3,2,old,warmup,direct_ReLU_F32_N2048,100858,2344,8424,4
3,2,old,retained,direct_ReLU_F32_N2048,103248,2325,8424,4
3,2,old,warmup,direct_ReLU_F32_N262144,985,239791,1048808,4
3,2,old,retained,direct_ReLU_F32_N262144,997,239975,1048808,4
3,2,old,warmup,direct_ReLU_F64_N2048,87487,2669,16616,4
3,2,old,retained,direct_ReLU_F64_N2048,90806,2660,16616,4
3,2,old,warmup,direct_ReLU_F64_N262144,914,252574,2097384,4
3,2,old,retained,direct_ReLU_F64_N262144,877,252485,2097384,4
3,2,old,warmup,taped_ReLU_F32_N2048,99873,2349,8616,6
3,2,old,retained,taped_ReLU_F32_N2048,100616,2730,8616,6
3,2,old,warmup,taped_ReLU_F32_N262144,931,252770,1049000,6
3,2,old,retained,taped_ReLU_F32_N262144,980,255173,1049000,6
3,2,old,warmup,taped_ReLU_F64_N2048,85110,2993,16808,6
3,2,old,retained,taped_ReLU_F64_N2048,81962,2939,16808,6
3,2,old,warmup,taped_ReLU_F64_N262144,885,259903,2097576,6
3,2,old,retained,taped_ReLU_F64_N262144,891,259186,2097576,6
4,3,old,warmup,direct_ReLU_F32_N2048,99850,2307,8424,4
4,3,old,retained,direct_ReLU_F32_N2048,105457,2256,8424,4
4,3,old,warmup,direct_ReLU_F32_N262144,976,242017,1048808,4
4,3,old,retained,direct_ReLU_F32_N262144,1002,237525,1048808,4
4,3,old,warmup,direct_ReLU_F64_N2048,91608,3441,16616,4
4,3,old,retained,direct_ReLU_F64_N2048,76294,3316,16616,4
4,3,old,warmup,direct_ReLU_F64_N262144,888,285270,2097384,4
4,3,old,retained,direct_ReLU_F64_N262144,914,284733,2097384,4
4,3,old,warmup,taped_ReLU_F32_N2048,96614,2532,8616,6
4,3,old,retained,taped_ReLU_F32_N2048,91881,2612,8616,6
4,3,old,warmup,taped_ReLU_F32_N262144,968,243043,1049000,6
4,3,old,retained,taped_ReLU_F32_N262144,972,244673,1049000,6
4,3,old,warmup,taped_ReLU_F64_N2048,85467,3258,16808,6
4,3,old,retained,taped_ReLU_F64_N2048,80768,2884,16808,6
4,3,old,warmup,taped_ReLU_F64_N262144,907,267524,2097576,6
4,3,old,retained,taped_ReLU_F64_N262144,884,313881,2097576,6
5,3,new,warmup,direct_ReLU_F32_N2048,103706,2309,8424,4
5,3,new,retained,direct_ReLU_F32_N2048,101240,2336,8424,4
5,3,new,warmup,direct_ReLU_F32_N262144,942,243755,1048808,4
5,3,new,retained,direct_ReLU_F32_N262144,978,244612,1048808,4
5,3,new,warmup,direct_ReLU_F64_N2048,84776,3572,16616,4
5,3,new,retained,direct_ReLU_F64_N2048,87238,2765,16616,4
5,3,new,warmup,direct_ReLU_F64_N262144,846,268638,2097384,4
5,3,new,retained,direct_ReLU_F64_N262144,883,266712,2097384,4
5,3,new,warmup,taped_ReLU_F32_N2048,99105,2431,8616,6
5,3,new,retained,taped_ReLU_F32_N2048,98320,2460,8616,6
5,3,new,warmup,taped_ReLU_F32_N262144,960,245708,1049000,6
5,3,new,retained,taped_ReLU_F32_N262144,981,242941,1049000,6
5,3,new,warmup,taped_ReLU_F64_N2048,82718,3680,16808,6
5,3,new,retained,taped_ReLU_F64_N2048,79923,2883,16808,6
5,3,new,warmup,taped_ReLU_F64_N262144,906,260109,2097576,6
5,3,new,retained,taped_ReLU_F64_N262144,904,256128,2097576,6
6,4,new,warmup,direct_ReLU_F32_N2048,103491,2278,8424,4
6,4,new,retained,direct_ReLU_F32_N2048,103897,2314,8424,4
6,4,new,warmup,direct_ReLU_F32_N262144,962,243775,1048808,4
6,4,new,retained,direct_ReLU_F32_N262144,991,243345,1048808,4
6,4,new,warmup,direct_ReLU_F64_N2048,88346,2738,16616,4
6,4,new,retained,direct_ReLU_F64_N2048,86751,3518,16616,4
6,4,new,warmup,direct_ReLU_F64_N262144,868,261976,2097384,4
6,4,new,retained,direct_ReLU_F64_N262144,919,258356,2097384,4
6,4,new,warmup,taped_ReLU_F32_N2048,98857,2386,8616,6
6,4,new,retained,taped_ReLU_F32_N2048,100394,2416,8616,6
6,4,new,warmup,taped_ReLU_F32_N262144,958,245129,1049000,6
6,4,new,retained,taped_ReLU_F32_N262144,979,249639,1049000,6
6,4,new,warmup,taped_ReLU_F64_N2048,83340,2888,16808,6
6,4,new,retained,taped_ReLU_F64_N2048,82945,2849,16808,6
6,4,new,warmup,taped_ReLU_F64_N262144,900,259549,2097576,6
6,4,new,retained,taped_ReLU_F64_N262144,900,355496,2097576,6
7,4,old,warmup,direct_ReLU_F32_N2048,96909,2348,8424,4
7,4,old,retained,direct_ReLU_F32_N2048,101754,2351,8424,4
7,4,old,warmup,direct_ReLU_F32_N262144,909,256044,1048808,4
7,4,old,retained,direct_ReLU_F32_N262144,932,251005,1048808,4
7,4,old,warmup,direct_ReLU_F64_N2048,86983,2779,16616,4
7,4,old,retained,direct_ReLU_F64_N2048,86344,2784,16616,4
7,4,old,warmup,direct_ReLU_F64_N262144,850,273161,2097384,4
7,4,old,retained,direct_ReLU_F64_N262144,898,257816,2097384,4
7,4,old,warmup,taped_ReLU_F32_N2048,97479,2460,8616,6
7,4,old,retained,taped_ReLU_F32_N2048,97545,2455,8616,6
7,4,old,warmup,taped_ReLU_F32_N262144,950,244750,1049000,6
7,4,old,retained,taped_ReLU_F32_N262144,963,249636,1049000,6
7,4,old,warmup,taped_ReLU_F64_N2048,83580,2868,16808,6
7,4,old,retained,taped_ReLU_F64_N2048,77838,2968,16808,6
7,4,old,warmup,taped_ReLU_F64_N262144,841,261748,2097576,6
7,4,old,retained,taped_ReLU_F64_N262144,904,269836,2097576,6
8,5,old,warmup,direct_ReLU_F32_N2048,101139,2383,8424,4
8,5,old,retained,direct_ReLU_F32_N2048,94592,2620,8424,4
8,5,old,warmup,direct_ReLU_F32_N262144,866,277575,1048808,4
8,5,old,retained,direct_ReLU_F32_N262144,924,279177,1048808,4
8,5,old,warmup,direct_ReLU_F64_N2048,83143,2889,16616,4
8,5,old,retained,direct_ReLU_F64_N2048,89047,2717,16616,4
8,5,old,warmup,direct_ReLU_F64_N262144,897,255344,2097384,4
8,5,old,retained,direct_ReLU_F64_N262144,896,254175,2097384,4
8,5,old,warmup,taped_ReLU_F32_N2048,99630,2372,8616,6
8,5,old,retained,taped_ReLU_F32_N2048,98884,2443,8616,6
8,5,old,warmup,taped_ReLU_F32_N262144,987,238157,1049000,6
8,5,old,retained,taped_ReLU_F32_N262144,963,258186,1049000,6
8,5,old,warmup,taped_ReLU_F64_N2048,82822,2966,16808,6
8,5,old,retained,taped_ReLU_F64_N2048,79177,2879,16808,6
8,5,old,warmup,taped_ReLU_F64_N262144,885,268089,2097576,6
8,5,old,retained,taped_ReLU_F64_N262144,903,263179,2097576,6
9,5,new,warmup,direct_ReLU_F32_N2048,101577,2261,8424,4
9,5,new,retained,direct_ReLU_F32_N2048,107619,2246,8424,4
9,5,new,warmup,direct_ReLU_F32_N262144,976,260900,1048808,4
9,5,new,retained,direct_ReLU_F32_N262144,919,255938,1048808,4
9,5,new,warmup,direct_ReLU_F64_N2048,85909,2748,16616,4
9,5,new,retained,direct_ReLU_F64_N2048,88900,2753,16616,4
9,5,new,warmup,direct_ReLU_F64_N262144,897,257053,2097384,4
9,5,new,retained,direct_ReLU_F64_N262144,937,251677,2097384,4
9,5,new,warmup,taped_ReLU_F32_N2048,98179,2388,8616,6
9,5,new,retained,taped_ReLU_F32_N2048,100210,2352,8616,6
9,5,new,warmup,taped_ReLU_F32_N262144,987,258199,1049000,6
9,5,new,retained,taped_ReLU_F32_N262144,962,244855,1049000,6
9,5,new,warmup,taped_ReLU_F64_N2048,85518,2803,16808,6
9,5,new,retained,taped_ReLU_F64_N2048,85171,2784,16808,6
9,5,new,warmup,taped_ReLU_F64_N262144,933,256805,2097576,6
9,5,new,retained,taped_ReLU_F64_N262144,946,250578,2097576,6
10,6,new,warmup,direct_ReLU_F32_N2048,104287,2469,8424,4
10,6,new,retained,direct_ReLU_F32_N2048,102202,2307,8424,4
10,6,new,warmup,direct_ReLU_F32_N262144,956,241066,1048808,4
10,6,new,retained,direct_ReLU_F32_N262144,1004,237764,1048808,4
10,6,new,warmup,direct_ReLU_F64_N2048,91333,2632,16616,4
10,6,new,retained,direct_ReLU_F64_N2048,91916,2851,16616,4
10,6,new,warmup,direct_ReLU_F64_N262144,841,293932,2097384,4
10,6,new,retained,direct_ReLU_F64_N262144,819,267202,2097384,4
10,6,new,warmup,taped_ReLU_F32_N2048,94914,2587,8616,6
10,6,new,retained,taped_ReLU_F32_N2048,94108,2609,8616,6
10,6,new,warmup,taped_ReLU_F32_N262144,870,245829,1049000,6
10,6,new,retained,taped_ReLU_F32_N262144,992,244208,1049000,6
10,6,new,warmup,taped_ReLU_F64_N2048,85994,2812,16808,6
10,6,new,retained,taped_ReLU_F64_N2048,86370,2819,16808,6
10,6,new,warmup,taped_ReLU_F64_N262144,906,258006,2097576,6
10,6,new,retained,taped_ReLU_F64_N262144,919,250819,2097576,6
11,6,old,warmup,direct_ReLU_F32_N2048,104091,2457,8424,4
11,6,old,retained,direct_ReLU_F32_N2048,99003,2328,8424,4
11,6,old,warmup,direct_ReLU_F32_N262144,970,249139,1048808,4
11,6,old,retained,direct_ReLU_F32_N262144,984,246607,1048808,4
11,6,old,warmup,direct_ReLU_F64_N2048,82644,2657,16616,4
11,6,old,retained,direct_ReLU_F64_N2048,90183,2674,16616,4
11,6,old,warmup,direct_ReLU_F64_N262144,915,285537,2097384,4
11,6,old,retained,direct_ReLU_F64_N262144,865,264803,2097384,4
11,6,old,warmup,taped_ReLU_F32_N2048,95784,2482,8616,6
11,6,old,retained,taped_ReLU_F32_N2048,91290,2509,8616,6
11,6,old,warmup,taped_ReLU_F32_N262144,945,248962,1049000,6
11,6,old,retained,taped_ReLU_F32_N262144,978,245164,1049000,6
11,6,old,warmup,taped_ReLU_F64_N2048,84471,2930,16808,6
11,6,old,retained,taped_ReLU_F64_N2048,76004,2886,16808,6
11,6,old,warmup,taped_ReLU_F64_N262144,901,337510,2097576,6
11,6,old,retained,taped_ReLU_F64_N262144,829,281061,2097576,6
12,7,old,warmup,direct_ReLU_F32_N2048,94300,2410,8424,4
12,7,old,retained,direct_ReLU_F32_N2048,99000,2375,8424,4
12,7,old,warmup,direct_ReLU_F32_N262144,954,244736,1048808,4
12,7,old,retained,direct_ReLU_F32_N262144,981,244703,1048808,4
12,7,old,warmup,direct_ReLU_F64_N2048,90732,2691,16616,4
12,7,old,retained,direct_ReLU_F64_N2048,87524,3626,16616,4
12,7,old,warmup,direct_ReLU_F64_N262144,870,267774,2097384,4
12,7,old,retained,direct_ReLU_F64_N262144,939,317026,2097384,4
12,7,old,warmup,taped_ReLU_F32_N2048,94234,2506,8616,6
12,7,old,retained,taped_ReLU_F32_N2048,98547,2420,8616,6
12,7,old,warmup,taped_ReLU_F32_N262144,975,246099,1049000,6
12,7,old,retained,taped_ReLU_F32_N262144,974,245427,1049000,6
12,7,old,warmup,taped_ReLU_F64_N2048,82785,3020,16808,6
12,7,old,retained,taped_ReLU_F64_N2048,78600,3865,16808,6
12,7,old,warmup,taped_ReLU_F64_N262144,849,272210,2097576,6
12,7,old,retained,taped_ReLU_F64_N262144,910,289808,2097576,6
13,7,new,warmup,direct_ReLU_F32_N2048,94848,2406,8424,4
13,7,new,retained,direct_ReLU_F32_N2048,102582,2552,8424,4
13,7,new,warmup,direct_ReLU_F32_N262144,915,328932,1048808,4
13,7,new,retained,direct_ReLU_F32_N262144,908,259293,1048808,4
13,7,new,warmup,direct_ReLU_F64_N2048,87608,3022,16616,4
13,7,new,retained,direct_ReLU_F64_N2048,82095,3997,16616,4
13,7,new,warmup,direct_ReLU_F64_N262144,850,277624,2097384,4
13,7,new,retained,direct_ReLU_F64_N262144,879,291436,2097384,4
13,7,new,warmup,taped_ReLU_F32_N2048,98226,2776,8616,6
13,7,new,retained,taped_ReLU_F32_N2048,83094,3069,8616,6
13,7,new,warmup,taped_ReLU_F32_N262144,890,255747,1049000,6
13,7,new,retained,taped_ReLU_F32_N262144,932,274497,1049000,6
13,7,new,warmup,taped_ReLU_F64_N2048,84138,3965,16808,6
13,7,new,retained,taped_ReLU_F64_N2048,85112,3222,16808,6
13,7,new,warmup,taped_ReLU_F64_N262144,787,277786,2097576,6
13,7,new,retained,taped_ReLU_F64_N262144,864,291729,2097576,6
