phase,campaign,procs,benchmark,n,bytes_A_median,bytes_B_median,bytes_paired_delta_median,bytes_paired_delta_min,bytes_paired_delta_max,bytes_positive_pairs,bytes_zero_pairs,bytes_negative_pairs,bytes_nominal_rank_p,bytes_paired_deltas,allocs_A_median,allocs_B_median,allocs_paired_delta_median,allocs_paired_delta_min,allocs_paired_delta_max,allocs_positive_pairs,allocs_zero_pairs,allocs_negative_pairs,allocs_nominal_rank_p,allocs_paired_deltas,A_bytes_per_op_by_pair,A_bytes_remainder_by_pair,B_bytes_per_op_by_pair,B_bytes_remainder_by_pair,A_allocs_per_op_by_pair,A_allocs_remainder_by_pair,B_allocs_per_op_by_pair,B_allocs_remainder_by_pair
old-old,1,1,BenchmarkSiLUBackwardF64_256K_cpu,1024,4295319632,4295319632,0,-48,0,0,5,2,0.49417249417249415,"[-48,0,0,0,-48,0,0]",6146,6146,0,-1,0,0,5,2,0.49417249417249415,"[-1,0,0,0,-1,0,0]","[4194648,4194648,4194648,4194648,4194648,4194648,4194648]","[128,32,80,80,128,80,128]","[4194648,4194648,4194648,4194648,4194648,4194648,4194648]","[80,32,80,80,80,80,128]","[6,6,6,6,6,6,6]","[3,1,2,2,3,2,3]","[6,6,6,6,6,6,6]","[2,1,2,2,2,2,3]"
old-old,1,1,BenchmarkSigmoidF64_64K_cpu,1024,537174016,537174064,0,0,48,3,4,0,0.4085081585081585,"[48,48,0,48,0,0,0]",5120,5121,0,0,1,3,4,0,0.4085081585081585,"[1,1,0,1,0,0,0]","[524584,524584,524584,524584,524584,524584,524584]","[0,48,48,0,0,48,0]","[524584,524584,524584,524584,524584,524584,524584]","[48,96,48,48,0,48,0]","[5,5,5,5,5,5,5]","[0,1,1,0,0,1,0]","[5,5,5,5,5,5,5]","[1,2,1,1,0,1,0]"
old-old,1,1,BenchmarkSoftplusF64_256K_cpu,1024,2147786752,2147786752,0,-48,0,0,6,1,1.0,"[0,0,0,-48,0,0,0]",5120,5120,0,-1,0,0,6,1,1.0,"[0,0,0,-1,0,0,0]","[2097448,2097448,2097448,2097448,2097448,2097448,2097448]","[0,0,0,48,0,0,0]","[2097448,2097448,2097448,2097448,2097448,2097448,2097448]","[0,0,0,0,0,0,0]","[5,5,5,5,5,5,5]","[0,0,0,1,0,0,0]","[5,5,5,5,5,5,5]","[0,0,0,0,0,0,0]"
old-old,1,12,BenchmarkSiLUBackwardF64_256K_cpu,1024,4295391656,4295385800,-6936,-20440,17368,1,0,6,0.05303030303030303,"[-6936,-17592,-20440,-48,17368,-7552,-848]",7559,7515,-19,-220,190,2,0,5,0.09731934731934731,"[-19,-198,-220,3,190,-66,-11]","[4194718,4194719,4194722,4194717,4194698,4194720,4194713]","[424,520,8,984,656,824,536]","[4194711,4194702,4194702,4194717,4194715,4194713,4194712]","[656,336,48,936,616,440,712]","[7,7,7,7,7,7,7]","[391,402,421,384,171,413,348]","[7,7,7,7,7,7,7]","[372,204,201,387,361,347,337]"
old-old,1,12,BenchmarkSigmoidF64_64K_cpu,1024,537202576,537203344,-368,-1904,3488,3,0,4,1.0,"[-1184,1440,-368,1200,-1424,3488,-1904]",6181,6187,-5,-17,32,3,0,4,0.9662004662004662,"[-12,12,-5,9,-11,32,-17]","[524611,524612,524610,524611,524614,524610,524614]","[912,848,1008,208,576,192,512]","[524610,524614,524610,524612,524613,524613,524612]","[752,240,640,384,176,608,656]","[6,6,6,6,6,6,6]","[37,45,29,31,60,20,60]","[6,6,6,6,6,6,6]","[25,57,24,40,49,52,43]"
old-old,1,12,BenchmarkSoftplusF64_256K_cpu,1024,2147828016,2147828016,-2880,-8104,10624,2,0,5,0.6421911421911422,"[6848,-8104,-2880,-384,10624,-5568,-4152]",6221,6214,-6,-52,62,3,0,4,0.6882284382284383,"[62,-30,-28,-6,11,-52,7]","[2097484,2097489,2097486,2097489,2097478,2097493,2097488]","[592,512,456,800,368,752,304]","[2097491,2097481,2097483,2097489,2097488,2097488,2097484]","[272,600,648,416,752,304,248]","[6,6,6,6,6,6,6]","[32,77,94,83,59,118,66]","[6,6,6,6,6,6,6]","[94,47,66,77,70,66,73]"
old-old,2,1,BenchmarkSiLUBackwardF64_256K_cpu,1024,4295319632,4295319680,48,0,48,4,3,0,0.18414918414918416,"[0,48,0,48,48,48,0]",6146,6147,1,0,1,4,3,0,0.18414918414918416,"[0,1,0,1,1,1,0]","[4194648,4194648,4194648,4194648,4194648,4194648,4194648]","[128,80,80,32,80,80,80]","[4194648,4194648,4194648,4194648,4194648,4194648,4194648]","[128,128,80,80,128,128,80]","[6,6,6,6,6,6,6]","[3,2,2,1,2,2,2]","[6,6,6,6,6,6,6]","[3,3,2,2,3,3,2]"
old-old,2,1,BenchmarkSigmoidF64_64K_cpu,1024,537174064,537174016,0,-48,48,1,4,2,1.0,"[0,0,0,0,-48,-48,48]",5121,5120,0,-1,1,1,4,2,1.0,"[0,0,0,0,-1,-1,1]","[524584,524584,524584,524584,524584,524584,524584]","[0,0,48,48,48,48,0]","[524584,524584,524584,524584,524584,524584,524584]","[0,0,48,48,0,0,48]","[5,5,5,5,5,5,5]","[0,0,1,1,1,1,0]","[5,5,5,5,5,5,5]","[0,0,1,1,0,0,1]"
old-old,2,1,BenchmarkSoftplusF64_256K_cpu,1024,2147786752,2147786752,0,-48,0,0,5,2,0.46153846153846156,"[0,-48,0,-48,0,0,0]",5120,5120,0,-1,0,0,5,2,0.46153846153846156,"[0,-1,0,-1,0,0,0]","[2097448,2097448,2097448,2097448,2097448,2097448,2097448]","[0,48,0,48,0,0,0]","[2097448,2097448,2097448,2097448,2097448,2097448,2097448]","[0,0,0,0,0,0,0]","[5,5,5,5,5,5,5]","[0,1,0,1,0,0,0]","[5,5,5,5,5,5,5]","[0,0,0,0,0,0,0]"
old-old,2,12,BenchmarkSiLUBackwardF64_256K_cpu,1024,4295382208,4295382520,-2160,-11440,13560,3,0,4,0.9015151515151515,"[-3440,-6128,13560,32,-11440,6136,-2160]",7489,7405,-53,-112,179,1,0,6,0.6841491841491841,"[-112,-53,-6,-82,-103,179,-20]","[4194709,4194718,4194709,4194709,4194719,4194705,4194703]","[128,216,192,472,600,440,336]","[4194705,4194712,4194722,4194709,4194708,4194711,4194701]","[784,232,440,504,424,432,224]","[7,7,7,7,7,7,7]","[349,386,349,310,321,191,213]","[7,7,7,7,7,7,7]","[237,333,343,228,218,370,193]"
old-old,2,12,BenchmarkSigmoidF64_64K_cpu,1024,537204016,537203344,-320,-11032,2464,2,0,5,0.24533799533799533,"[-11032,-112,-7448,-2176,2464,400,-320]",6193,6189,-2,-57,22,2,0,5,0.24533799533799533,"[-57,-1,-23,-20,22,3,-2]","[524621,524613,524619,524614,524611,524613,524609]","[632,304,936,288,848,304,992]","[524610,524613,524612,524612,524614,524613,524609]","[864,192,656,160,240,704,672]","[6,6,6,6,6,6,6]","[83,49,68,58,35,49,18]","[6,6,6,6,6,6,6]","[26,48,45,38,57,52,16]"
old-old,2,12,BenchmarkSoftplusF64_256K_cpu,1024,2147826056,2147822752,-5848,-8568,10920,1,0,6,0.1649184149184149,"[-8416,-5848,-7728,-8568,-3024,10920,-1232]",6231,6220,-13,-35,14,2,0,5,0.29953379953379955,"[7,-13,14,-35,-27,-27,-11]","[2097488,2097490,2097490,2097486,2097479,2097479,2097486]","[880,384,720,392,560,448,56]","[2097480,2097484,2097483,2097478,2097476,2097490,2097484]","[656,680,160,16,608,104,872]","[6,6,6,6,6,6,6]","[72,89,88,90,69,68,87]","[6,6,6,6,6,6,6]","[79,76,102,55,42,41,76]"
old-old,3,1,BenchmarkSiLUBackwardF64_256K_cpu,1024,4295319680,4295319632,-48,-48,48,1,2,4,0.15093240093240093,"[0,-48,-48,0,48,-48,-48]",6147,6146,-1,-1,1,1,2,4,0.15093240093240093,"[0,-1,-1,0,1,-1,-1]","[4194648,4194648,4194648,4194648,4194648,4194648,4194648]","[32,128,128,80,32,128,128]","[4194648,4194648,4194648,4194648,4194648,4194648,4194648]","[32,80,80,80,80,80,80]","[6,6,6,6,6,6,6]","[1,3,3,2,1,3,3]","[6,6,6,6,6,6,6]","[1,2,2,2,2,2,2]"
old-old,3,1,BenchmarkSigmoidF64_64K_cpu,1024,537174016,537174016,0,-48,48,2,3,2,1.0,"[0,48,48,-48,-48,0,0]",5120,5120,0,-1,1,2,3,2,1.0,"[0,1,1,-1,-1,0,0]","[524584,524584,524584,524584,524584,524584,524584]","[0,0,0,48,96,0,0]","[524584,524584,524584,524584,524584,524584,524584]","[0,48,48,0,48,0,0]","[5,5,5,5,5,5,5]","[0,0,0,1,2,0,0]","[5,5,5,5,5,5,5]","[0,1,1,0,1,0,0]"
old-old,3,1,BenchmarkSoftplusF64_256K_cpu,1024,2147786752,2147786752,0,0,48,3,4,0,0.19230769230769232,"[48,0,0,48,0,48,0]",5120,5120,0,0,1,3,4,0,0.19230769230769232,"[1,0,0,1,0,1,0]","[2097448,2097448,2097448,2097448,2097448,2097448,2097448]","[0,0,0,0,0,0,0]","[2097448,2097448,2097448,2097448,2097448,2097448,2097448]","[48,0,0,48,0,48,0]","[5,5,5,5,5,5,5]","[0,0,0,0,0,0,0]","[5,5,5,5,5,5,5]","[1,0,0,1,0,1,0]"
old-old,3,12,BenchmarkSiLUBackwardF64_256K_cpu,1024,4295383936,4295388744,5384,-5200,21704,5,0,2,0.1282051282051282,"[-5200,9200,21704,3192,-4664,5384,8992]",7476,7537,78,-43,228,5,0,2,0.13694638694638694,"[-43,79,228,-12,2,87,78]","[4194716,4194709,4194701,4194712,4194716,4194710,4194705]","[376,280,32,464,792,896,752]","[4194711,4194718,4194722,4194715,4194712,4194716,4194714]","[296,264,232,584,224,136,528]","[7,7,7,7,7,7,7]","[369,308,192,377,374,282,235]","[7,7,7,7,7,7,7]","[326,387,420,365,376,369,313]"
old-old,3,12,BenchmarkSigmoidF64_64K_cpu,1024,537203072,537203760,480,-704,4160,5,0,2,0.534965034965035,"[736,-704,480,384,2688,4160,-608]",6184,6191,4,-4,38,5,0,2,0.3986013986013986,"[4,-4,9,4,22,38,-4]","[524614,524612,524613,524613,524610,524608,524612]","[448,48,144,704,352,1008,384]","[524615,524611,524613,524614,524612,524613,524611]","[160,368,624,64,992,48,800]","[6,6,6,6,6,6,6]","[62,37,47,52,24,9,40]","[6,6,6,6,6,6,6]","[66,33,56,56,46,47,36]"
old-old,3,12,BenchmarkSoftplusF64_256K_cpu,1024,2147826240,2147826912,1784,-12704,7080,5,0,2,0.7103729603729604,"[672,-2768,1784,-12704,7080,3464,6888]",6210,6202,-8,-33,20,3,0,4,0.5920745920745921,"[6,-23,-23,-33,20,-8,20]","[2097486,2097490,2097485,2097494,2097486,2097483,2097475]","[576,176,760,648,816,776,624]","[2097487,2097487,2097487,2097482,2097493,2097487,2097482]","[224,480,496,232,728,144,344]","[6,6,6,6,6,6,6]","[51,84,85,85,54,66,33]","[6,6,6,6,6,6,6]","[57,61,62,52,74,58,53]"
old-v2,1,1,BenchmarkSiLUBackwardF64_256K_cpu,1024,4295319632,4295319648,16,-48,48,4,2,1,0.42074592074592077,"[48,16,16,48,0,-48,0]",6146,6146,0,-1,1,2,4,1,1.0,"[1,0,0,1,0,-1,0]","[4194648,4194648,4194648,4194648,4194648,4194648,4194648]","[32,80,80,80,80,128,128]","[4194648,4194648,4194648,4194648,4194648,4194648,4194648]","[80,96,96,128,80,80,128]","[6,6,6,6,6,6,6]","[1,2,2,2,2,3,3]","[6,6,6,6,6,6,6]","[2,2,2,3,2,2,3]"
old-v2,1,1,BenchmarkSigmoidF64_64K_cpu,1024,537174016,537174016,0,-48,48,1,4,2,1.0,"[-48,-48,0,0,48,0,0]",5120,5120,0,-1,1,1,4,2,1.0,"[-1,-1,0,0,1,0,0]","[524584,524584,524584,524584,524584,524584,524584]","[48,48,0,0,0,0,0]","[524584,524584,524584,524584,524584,524584,524584]","[0,0,0,0,48,0,0]","[5,5,5,5,5,5,5]","[1,1,0,0,0,0,0]","[5,5,5,5,5,5,5]","[0,0,0,0,1,0,0]"
old-v2,1,1,BenchmarkSoftplusF64_256K_cpu,1024,2147786752,2147786752,0,-48,48,1,4,2,1.0,"[48,0,-48,0,-48,0,0]",5120,5120,0,-1,1,1,4,2,1.0,"[1,0,-1,0,-1,0,0]","[2097448,2097448,2097448,2097448,2097448,2097448,2097448]","[0,0,48,0,48,0,0]","[2097448,2097448,2097448,2097448,2097448,2097448,2097448]","[48,0,0,0,0,0,0]","[5,5,5,5,5,5,5]","[0,0,1,0,1,0,0]","[5,5,5,5,5,5,5]","[1,0,0,0,0,0,0]"
old-v2,1,12,BenchmarkSiLUBackwardF64_256K_cpu,1024,4295386552,4295384120,-2656,-11392,21648,2,0,5,0.62004662004662,"[-1824,-10752,-11392,-4512,-2656,21648,3784]",7515,7492,-24,-173,193,2,0,5,1.0,"[-17,-173,-101,-40,-24,193,156]","[4194713,4194715,4194719,4194715,4194704,4194696,4194708]","[440,600,112,472,80,568,888]","[4194711,4194705,4194707,4194711,4194701,4194717,4194712]","[664,88,1008,56,496,712,576]","[7,7,7,7,7,7,7]","[347,360,357,364,221,193,222]","[7,7,7,7,7,7,7]","[330,187,256,324,197,386,378]"
old-v2,1,12,BenchmarkSigmoidF64_64K_cpu,1024,537202400,537203584,1424,-3312,3024,5,0,2,0.20862470862470864,"[-224,1424,3024,2736,288,1744,-3312]",6179,6190,11,-29,25,5,0,2,0.24417249417249418,"[-2,11,25,25,2,15,-29]","[524611,524611,524611,524612,524613,524610,524615]","[736,496,624,48,80,912,320]","[524611,524612,524614,524614,524613,524612,524612]","[512,896,576,736,368,608,80]","[6,6,6,6,6,6,6]","[34,35,35,37,47,27,68]","[6,6,6,6,6,6,6]","[32,46,60,62,49,42,39]"
old-v2,1,12,BenchmarkSoftplusF64_256K_cpu,1024,2147826336,2147827488,3264,-13432,9400,5,0,2,0.6456876456876457,"[6736,-13432,9400,-3056,3264,2296,7200]",6222,6236,2,-29,61,4,0,3,0.4813519813519814,"[61,2,43,-29,30,-21,-17]","[2097486,2097493,2097477,2097492,2097484,2097488,2097480]","[672,888,368,96,312,920,768]","[2097493,2097480,2097486,2097489,2097487,2097491,2097487]","[240,768,552,112,504,144,800]","[6,6,6,6,6,6,6]","[51,78,49,103,71,113,80]","[6,6,6,6,6,6,6]","[112,80,92,74,101,92,63]"
old-v2,2,1,BenchmarkSiLUBackwardF64_256K_cpu,1024,4295319632,4295319632,0,-48,0,0,6,1,1.0,"[-48,0,0,0,0,0,0]",6146,6146,0,-1,0,0,6,1,1.0,"[-1,0,0,0,0,0,0]","[4194648,4194648,4194648,4194648,4194648,4194648,4194648]","[128,128,80,80,80,128,80]","[4194648,4194648,4194648,4194648,4194648,4194648,4194648]","[80,128,80,80,80,128,80]","[6,6,6,6,6,6,6]","[3,3,2,2,2,3,2]","[6,6,6,6,6,6,6]","[2,3,2,2,2,3,2]"
old-v2,2,1,BenchmarkSigmoidF64_64K_cpu,1024,537174016,537174064,48,0,48,4,3,0,0.10256410256410256,"[48,0,48,0,48,0,48]",5120,5121,1,0,1,4,3,0,0.10256410256410256,"[1,0,1,0,1,0,1]","[524584,524584,524584,524584,524584,524584,524584]","[0,0,0,48,0,0,0]","[524584,524584,524584,524584,524584,524584,524584]","[48,0,48,48,48,0,48]","[5,5,5,5,5,5,5]","[0,0,0,1,0,0,0]","[5,5,5,5,5,5,5]","[1,0,1,1,1,0,1]"
old-v2,2,1,BenchmarkSoftplusF64_256K_cpu,1024,2147786752,2147786752,0,-48,0,0,5,2,0.46153846153846156,"[0,0,-48,0,-48,0,0]",5120,5120,0,-1,0,0,5,2,0.46153846153846156,"[0,0,-1,0,-1,0,0]","[2097448,2097448,2097448,2097448,2097448,2097448,2097448]","[0,0,48,0,48,0,0]","[2097448,2097448,2097448,2097448,2097448,2097448,2097448]","[0,0,0,0,0,0,0]","[5,5,5,5,5,5,5]","[0,0,1,0,1,0,0]","[5,5,5,5,5,5,5]","[0,0,0,0,0,0,0]"
old-v2,2,12,BenchmarkSiLUBackwardF64_256K_cpu,1024,4295387472,4295385736,-2224,-5584,9496,2,0,5,0.534965034965035,"[-864,-2224,672,-5272,-5584,-4968,9496]",7517,7514,-3,-88,126,3,0,4,0.9015151515151515,"[-4,59,10,-88,-50,-3,126]","[4194714,4194693,4194717,4194714,4194720,4194713,4194703]","[520,944,264,336,568,744,368]","[4194713,4194691,4194717,4194709,4194715,4194708,4194712]","[680,768,936,184,104,896,648]","[7,7,7,7,7,7,7]","[352,127,377,313,408,349,213]","[7,7,7,7,7,7,7]","[348,186,387,225,358,346,339]"
old-v2,2,12,BenchmarkSigmoidF64_64K_cpu,1024,537203504,537203568,64,-2672,4984,4,0,3,0.8047785547785548,"[-672,4984,1120,-2672,-1424,784,64]",6189,6189,0,-23,10,3,1,3,0.5909090909090909,"[-9,3,10,-23,-10,7,0]","[524612,524613,524614,524613,524611,524612,524612]","[608,592,144,480,1008,496,816]","[524611,524618,524615,524610,524610,524613,524612]","[960,456,240,880,608,256,880]","[6,6,6,6,6,6,6]","[45,51,57,50,37,41,45]","[6,6,6,6,6,6,6]","[36,54,67,27,27,48,45]"
old-v2,2,12,BenchmarkSoftplusF64_256K_cpu,1024,2147823608,2147829136,3424,-1552,11200,5,0,2,0.20862470862470864,"[-880,6040,1040,3424,-1552,5624,11200]",6213,6228,9,-13,30,5,0,2,0.13403263403263405,"[-9,15,7,30,-13,9,17]","[2097488,2097483,2097488,2097478,2097491,2097483,2097479]","[688,1016,384,624,624,152,672]","[2097487,2097489,2097489,2097481,2097490,2097488,2097490]","[832,912,400,976,96,656,608]","[6,6,6,6,6,6,6]","[72,69,69,61,98,61,70]","[6,6,6,6,6,6,6]","[63,84,76,91,85,70,87]"
old-v2,3,1,BenchmarkSiLUBackwardF64_256K_cpu,1024,4295319632,4295319632,0,-96,48,1,3,3,0.36363636363636365,"[0,-48,-48,48,-96,0,0]",6146,6146,0,-2,1,1,3,3,0.36363636363636365,"[0,-1,-1,1,-2,0,0]","[4194648,4194648,4194648,4194648,4194648,4194648,4194648]","[80,128,128,80,128,80,80]","[4194648,4194648,4194648,4194648,4194648,4194648,4194648]","[80,80,80,128,32,80,80]","[6,6,6,6,6,6,6]","[2,3,3,2,3,2,2]","[6,6,6,6,6,6,6]","[2,2,2,3,1,2,2]"
old-v2,3,1,BenchmarkSigmoidF64_64K_cpu,1024,537174016,537174064,0,-48,48,3,3,1,0.5920745920745921,"[48,48,0,-48,0,0,48]",5120,5121,0,-1,1,3,3,1,0.5920745920745921,"[1,1,0,-1,0,0,1]","[524584,524584,524584,524584,524584,524584,524584]","[0,0,0,48,0,48,0]","[524584,524584,524584,524584,524584,524584,524584]","[48,48,0,0,0,48,48]","[5,5,5,5,5,5,5]","[0,0,0,1,0,1,0]","[5,5,5,5,5,5,5]","[1,1,0,0,0,1,1]"
old-v2,3,1,BenchmarkSoftplusF64_256K_cpu,1024,2147786752,2147786752,0,-48,48,1,5,1,1.0,"[0,0,48,0,0,0,-48]",5120,5120,0,-1,1,1,5,1,1.0,"[0,0,1,0,0,0,-1]","[2097448,2097448,2097448,2097448,2097448,2097448,2097448]","[0,0,0,0,0,0,48]","[2097448,2097448,2097448,2097448,2097448,2097448,2097448]","[0,0,48,0,0,0,0]","[5,5,5,5,5,5,5]","[0,0,0,0,0,0,1]","[5,5,5,5,5,5,5]","[0,0,1,0,0,0,0]"
old-v2,3,12,BenchmarkSiLUBackwardF64_256K_cpu,1024,4295381568,4295389080,8000,-9256,15632,6,0,1,0.1282051282051282,"[-9256,6480,8000,15632,10832,10608,7232]",7481,7535,52,-16,147,6,0,1,0.026223776223776224,"[42,65,-16,52,13,97,147]","[4194720,4194709,4194685,4194705,4194708,4194705,4194708]","[904,816,896,288,576,552,616]","[4194711,4194716,4194693,4194720,4194719,4194715,4194715]","[864,128,704,560,144,920,680]","[7,7,7,7,7,7,7]","[332,348,136,313,342,271,220]","[7,7,7,7,7,7,7]","[374,413,120,365,355,368,367]"
old-v2,3,12,BenchmarkSigmoidF64_64K_cpu,1024,537204640,537203968,672,-7240,7112,4,0,3,1.0,"[7112,672,3504,-7240,-3232,-4488,2352]",6190,6192,2,-28,30,4,1,2,0.8764568764568764,"[22,2,30,-20,-28,0,21]","[524610,524612,524614,524620,524613,524616,524611]","[640,608,992,88,928,104,1008]","[524617,524613,524618,524613,524610,524611,524614]","[584,256,400,16,768,736,288]","[6,6,6,6,6,6,6]","[24,46,65,69,54,34,37]","[6,6,6,6,6,6,6]","[46,48,95,49,26,34,58]"
old-v2,3,12,BenchmarkSoftplusF64_256K_cpu,1024,2147821944,2147828344,10864,-6224,17040,5,0,2,0.09731934731934731,"[10864,13856,-3112,12064,-6224,4680,17040]",6199,6220,27,0,70,6,1,0,0.04079254079254079,"[14,39,18,27,28,0,70]","[2097478,2097483,2097490,2097476,2097494,2097482,2097473]","[800,264,328,736,712,376,768]","[2097489,2097496,2097487,2097488,2097488,2097486,2097490]","[400,808,288,512,632,960,400]","[6,6,6,6,6,6,6]","[62,64,43,44,85,55,16]","[6,6,6,6,6,6,6]","[76,103,61,71,113,55,86]"
