pair	arm	benchmark	ns_per_op	bytes_per_op	allocs_per_op
1	A	BenchmarkMoECombineInterleave/DecodeE8/f64-12	27336	33406	7
1	A	BenchmarkMoECombineInterleave/DecodeE8/f32-12	24526	16968	7
1	A	BenchmarkMoECombineInterleave/PrefillE8/f64-12	1652808	2098643	19
1	A	BenchmarkMoECombineInterleave/PrefillE8/f32-12	1065987	1049895	19
1	A	BenchmarkMoECombineInterleave/HighExpertE64/f64-12	4050189	532065	18
1	A	BenchmarkMoECombineInterleave/HighExpertE64/f32-12	3158192	269973	18
1	A	BenchmarkMoECombineInterleaveControlZeroDenom-12	494712	1049830	18
1	B	BenchmarkMoECombineInterleave/DecodeE8/f64-12	15509	33406	7
1	B	BenchmarkMoECombineInterleave/DecodeE8/f32-12	12538	16968	7
1	B	BenchmarkMoECombineInterleave/PrefillE8/f64-12	702242	2098533	19
1	B	BenchmarkMoECombineInterleave/PrefillE8/f32-12	647930	1049895	19
1	B	BenchmarkMoECombineInterleave/HighExpertE64/f64-12	2626866	532172	18
1	B	BenchmarkMoECombineInterleave/HighExpertE64/f32-12	2020224	269923	18
1	B	BenchmarkMoECombineInterleaveControlZeroDenom-12	76044	1049824	18
2	A	BenchmarkMoECombineInterleave/DecodeE8/f64-12	27082	33352	7
2	A	BenchmarkMoECombineInterleave/DecodeE8/f32-12	24272	16968	7
2	A	BenchmarkMoECombineInterleave/PrefillE8/f64-12	1202412	2098589	19
2	A	BenchmarkMoECombineInterleave/PrefillE8/f32-12	1508114	1049950	19
2	A	BenchmarkMoECombineInterleave/HighExpertE64/f64-12	3280210	532121	18
2	A	BenchmarkMoECombineInterleave/HighExpertE64/f32-12	3649879	269921	18
2	A	BenchmarkMoECombineInterleaveControlZeroDenom-12	80842	1049827	18
2	B	BenchmarkMoECombineInterleave/DecodeE8/f64-12	17385	33352	7
2	B	BenchmarkMoECombineInterleave/DecodeE8/f32-12	13222	16968	7
2	B	BenchmarkMoECombineInterleave/PrefillE8/f64-12	830924	2098633	19
2	B	BenchmarkMoECombineInterleave/PrefillE8/f32-12	795910	1049903	19
2	B	BenchmarkMoECombineInterleave/HighExpertE64/f64-12	2399043	532068	18
2	B	BenchmarkMoECombineInterleave/HighExpertE64/f32-12	1488315	269921	18
2	B	BenchmarkMoECombineInterleaveControlZeroDenom-12	167380	1049826	18
3	A	BenchmarkMoECombineInterleave/DecodeE8/f64-12	27280	33406	7
3	A	BenchmarkMoECombineInterleave/DecodeE8/f32-12	24221	16968	7
3	A	BenchmarkMoECombineInterleave/PrefillE8/f64-12	489688	2098704	19
3	A	BenchmarkMoECombineInterleave/PrefillE8/f32-12	913781	1049905	19
3	A	BenchmarkMoECombineInterleave/HighExpertE64/f64-12	2586790	532065	18
3	A	BenchmarkMoECombineInterleave/HighExpertE64/f32-12	2861532	269921	18
3	A	BenchmarkMoECombineInterleaveControlZeroDenom-12	87175	1049824	18
3	B	BenchmarkMoECombineInterleave/DecodeE8/f64-12	15095	33354	7
3	B	BenchmarkMoECombineInterleave/DecodeE8/f32-12	12965	16968	7
3	B	BenchmarkMoECombineInterleave/PrefillE8/f64-12	663429	2098597	19
3	B	BenchmarkMoECombineInterleave/PrefillE8/f32-12	672062	1049954	19
3	B	BenchmarkMoECombineInterleave/HighExpertE64/f64-12	1932820	532066	18
3	B	BenchmarkMoECombineInterleave/HighExpertE64/f32-12	1621472	269920	18
3	B	BenchmarkMoECombineInterleaveControlZeroDenom-12	72902	1049825	18
4	A	BenchmarkMoECombineInterleave/DecodeE8/f64-12	28448	33352	7
4	A	BenchmarkMoECombineInterleave/DecodeE8/f32-12	23683	16968	7
4	A	BenchmarkMoECombineInterleave/PrefillE8/f64-12	963309	2098536	19
4	A	BenchmarkMoECombineInterleave/PrefillE8/f32-12	701025	1049903	19
4	A	BenchmarkMoECombineInterleave/HighExpertE64/f64-12	2417328	532118	18
4	A	BenchmarkMoECombineInterleave/HighExpertE64/f32-12	2421281	269920	18
4	A	BenchmarkMoECombineInterleaveControlZeroDenom-12	249341	1049827	18
4	B	BenchmarkMoECombineInterleave/DecodeE8/f64-12	33113	33352	7
4	B	BenchmarkMoECombineInterleave/DecodeE8/f32-12	30574	16968	7
4	B	BenchmarkMoECombineInterleave/PrefillE8/f64-12	426274	2098598	19
4	B	BenchmarkMoECombineInterleave/PrefillE8/f32-12	300865	1049905	19
4	B	BenchmarkMoECombineInterleave/HighExpertE64/f64-12	1993950	532120	18
4	B	BenchmarkMoECombineInterleave/HighExpertE64/f32-12	1277537	269921	18
4	B	BenchmarkMoECombineInterleaveControlZeroDenom-12	87518	1049825	18
5	A	BenchmarkMoECombineInterleave/DecodeE8/f64-12	25423	33352	7
5	A	BenchmarkMoECombineInterleave/DecodeE8/f32-12	22940	16968	7
5	A	BenchmarkMoECombineInterleave/PrefillE8/f64-12	775856	2098648	19
5	A	BenchmarkMoECombineInterleave/PrefillE8/f32-12	1177289	1049905	19
5	A	BenchmarkMoECombineInterleave/HighExpertE64/f64-12	2720738	532065	18
5	A	BenchmarkMoECombineInterleave/HighExpertE64/f32-12	3250160	269922	18
5	A	BenchmarkMoECombineInterleaveControlZeroDenom-12	73862	1049826	18
5	B	BenchmarkMoECombineInterleave/DecodeE8/f64-12	15346	33352	7
5	B	BenchmarkMoECombineInterleave/DecodeE8/f32-12	12958	16968	7
5	B	BenchmarkMoECombineInterleave/PrefillE8/f64-12	562005	2098640	19
5	B	BenchmarkMoECombineInterleave/PrefillE8/f32-12	801664	1049899	19
5	B	BenchmarkMoECombineInterleave/HighExpertE64/f64-12	1432080	532067	18
5	B	BenchmarkMoECombineInterleave/HighExpertE64/f32-12	1842242	269921	18
5	B	BenchmarkMoECombineInterleaveControlZeroDenom-12	67929	1049824	18
6	A	BenchmarkMoECombineInterleave/DecodeE8/f64-12	26756	33352	7
6	A	BenchmarkMoECombineInterleave/DecodeE8/f32-12	23865	16968	7
6	A	BenchmarkMoECombineInterleave/PrefillE8/f64-12	1153159	2098643	19
6	A	BenchmarkMoECombineInterleave/PrefillE8/f32-12	1077455	1049901	19
6	A	BenchmarkMoECombineInterleave/HighExpertE64/f64-12	3366479	532119	18
6	A	BenchmarkMoECombineInterleave/HighExpertE64/f32-12	3029996	269920	18
6	A	BenchmarkMoECombineInterleaveControlZeroDenom-12	71199	1049830	18
6	B	BenchmarkMoECombineInterleave/DecodeE8/f64-12	15289	33352	7
6	B	BenchmarkMoECombineInterleave/DecodeE8/f32-12	13040	16968	7
6	B	BenchmarkMoECombineInterleave/PrefillE8/f64-12	652563	2098588	19
6	B	BenchmarkMoECombineInterleave/PrefillE8/f32-12	701169	1049896	19
6	B	BenchmarkMoECombineInterleave/HighExpertE64/f64-12	1785970	532176	18
6	B	BenchmarkMoECombineInterleave/HighExpertE64/f32-12	1622180	269921	18
6	B	BenchmarkMoECombineInterleaveControlZeroDenom-12	71038	1049825	18
7	A	BenchmarkMoECombineInterleave/DecodeE8/f64-12	27095	33352	7
7	A	BenchmarkMoECombineInterleave/DecodeE8/f32-12	23715	16968	7
7	A	BenchmarkMoECombineInterleave/PrefillE8/f64-12	1099358	2098640	19
7	A	BenchmarkMoECombineInterleave/PrefillE8/f32-12	943457	1049899	19
7	A	BenchmarkMoECombineInterleave/HighExpertE64/f64-12	3220668	532121	18
7	A	BenchmarkMoECombineInterleave/HighExpertE64/f32-12	4057469	269920	18
7	A	BenchmarkMoECombineInterleaveControlZeroDenom-12	70278	1049832	18
7	B	BenchmarkMoECombineInterleave/DecodeE8/f64-12	32107	33352	7
7	B	BenchmarkMoECombineInterleave/DecodeE8/f32-12	12760	16968	7
7	B	BenchmarkMoECombineInterleave/PrefillE8/f64-12	582935	2098646	19
7	B	BenchmarkMoECombineInterleave/PrefillE8/f32-12	280218	1049896	19
7	B	BenchmarkMoECombineInterleave/HighExpertE64/f64-12	2158727	532065	18
7	B	BenchmarkMoECombineInterleave/HighExpertE64/f32-12	1297419	269921	18
7	B	BenchmarkMoECombineInterleaveControlZeroDenom-12	69013	1049825	18
8	A	BenchmarkMoECombineInterleave/DecodeE8/f64-12	27162	33353	7
8	A	BenchmarkMoECombineInterleave/DecodeE8/f32-12	24028	16968	7
8	A	BenchmarkMoECombineInterleave/PrefillE8/f64-12	881003	2098593	19
8	A	BenchmarkMoECombineInterleave/PrefillE8/f32-12	955999	1049958	19
8	A	BenchmarkMoECombineInterleave/HighExpertE64/f64-12	2338837	532064	18
8	A	BenchmarkMoECombineInterleave/HighExpertE64/f32-12	2746928	269923	18
8	A	BenchmarkMoECombineInterleaveControlZeroDenom-12	70982	1049826	18
8	B	BenchmarkMoECombineInterleave/DecodeE8/f64-12	15895	33353	7
8	B	BenchmarkMoECombineInterleave/DecodeE8/f32-12	12920	16968	7
8	B	BenchmarkMoECombineInterleave/PrefillE8/f64-12	589262	2098599	19
8	B	BenchmarkMoECombineInterleave/PrefillE8/f32-12	664469	1049907	19
8	B	BenchmarkMoECombineInterleave/HighExpertE64/f64-12	1541067	532120	18
8	B	BenchmarkMoECombineInterleave/HighExpertE64/f32-12	1246687	269923	18
8	B	BenchmarkMoECombineInterleaveControlZeroDenom-12	75321	1049831	18
9	A	BenchmarkMoECombineInterleave/DecodeE8/f64-12	26159	33405	7
9	A	BenchmarkMoECombineInterleave/DecodeE8/f32-12	24844	16968	7
9	A	BenchmarkMoECombineInterleave/PrefillE8/f64-12	680749	2098647	19
9	A	BenchmarkMoECombineInterleave/PrefillE8/f32-12	698918	1049902	19
9	A	BenchmarkMoECombineInterleave/HighExpertE64/f64-12	3117331	532064	18
9	A	BenchmarkMoECombineInterleave/HighExpertE64/f32-12	3011885	269922	18
9	A	BenchmarkMoECombineInterleaveControlZeroDenom-12	344310	1049837	18
9	B	BenchmarkMoECombineInterleave/DecodeE8/f64-12	32829	33352	7
9	B	BenchmarkMoECombineInterleave/DecodeE8/f32-12	29507	16968	7
9	B	BenchmarkMoECombineInterleave/PrefillE8/f64-12	335005	2098647	19
9	B	BenchmarkMoECombineInterleave/PrefillE8/f32-12	445648	1049902	19
9	B	BenchmarkMoECombineInterleave/HighExpertE64/f64-12	1544295	532121	18
9	B	BenchmarkMoECombineInterleave/HighExpertE64/f32-12	1277634	269921	18
9	B	BenchmarkMoECombineInterleaveControlZeroDenom-12	516773	1049826	18
